id,Radiation
0,500
1,501
2,502
3,503
4,504
5,505
6,506
7,507
8,508
9,509
10,510
11,511
12,512
13,513
14,514
15,515
16,516
17,517
18,518
19,519
20,520
21,521
22,522
23,523
24,524
25,525
26,526
27,527
28,528
29,529
30,530
31,531
32,532
33,533
34,534
35,535
36,536
37,537
38,538
39,539
40,540
41,541
42,542
43,543
44,544
45,545
46,546
47,547
48,548
49,549
50,550
51,551
52,552
53,553
54,554
55,555
56,556
57,557
58,558
59,559
60,560
61,561
62,562
63,563
64,564
65,565
66,566
67,567
68,568
69,569
70,570
71,571
72,572
73,573
74,574
75,575
76,576
77,577
78,578
79,579
80,580
81,581
82,582
83,583
84,584
85,585
86,586
87,587
88,588
89,589
90,590
91,591
92,592
93,593
94,594
95,595
96,596
97,597
98,598
99,599
100,600
101,601
102,602
103,603
104,604
105,605
106,606
107,607
108,608
109,609
110,610
111,611
112,612
113,613
114,614
115,615
116,616
117,617
118,618
119,619
120,620
121,621
122,622
123,623
124,624
125,625
126,626
127,627
128,628
129,629
130,630
131,631
132,632
133,633
134,634
135,635
136,636
137,637
138,638
139,639
140,640
141,641
142,642
143,643
144,644
145,645
146,646
147,647
148,648
149,649
150,650
151,651
152,652
153,653
154,654
155,655
156,656
157,657
158,658
159,659
160,660
161,661
162,662
163,663
164,664
165,665
166,666
167,667
168,668
169,669
170,670
171,671
172,672
173,673
174,674
175,675
176,676
177,677
178,678
179,679
180,680
181,681
182,682
183,683
184,684
185,685
186,686
187,687
188,688
189,689
190,690
191,691
192,692
193,693
194,694
195,695
196,696
197,697
198,698
199,699
200,700
201,701
202,702
203,703
204,704
205,705
206,706
207,707
208,708
209,709
210,710
211,711
212,712
213,713
214,714
215,715
216,716
217,717
218,718
219,719
220,720
221,721
222,722
223,723
224,724
225,725
226,726
227,727
228,728
229,729
230,730
231,731
232,732
233,733
234,734
235,735
236,736
237,737
238,738
239,739
240,740
241,741
242,742
243,743
244,744
245,745
246,746
247,747
248,748
249,749
250,750
251,751
252,752
253,753
254,754
255,755
256,756
257,757
258,758
259,759
260,760
261,761
262,762
263,763
264,764
265,765
266,766
267,767
268,768
269,769
270,770
271,771
272,772
273,773
274,774
275,775
276,776
277,777
278,778
279,779
280,780
281,781
282,782
283,783
284,784
285,785
286,786
287,787
288,788
289,789
290,790
291,791
292,792
293,793
294,794
295,795
296,796
297,797
298,798
299,799
300,800
301,801
302,802
303,803
304,804
305,805
306,806
307,807
308,808
309,809
310,810
311,811
312,812
313,813
314,814
315,815
316,816
317,817
318,818
319,819
320,820
321,821
322,822
323,823
324,824
325,825
326,826
327,827
328,828
329,829
330,830
331,831
332,832
333,833
334,834
335,835
336,836
337,837
338,838
339,839
340,840
341,841
342,842
343,843
344,844
345,845
346,846
347,847
348,848
349,849
350,850
351,851
352,852
353,853
354,854
355,855
356,856
357,857
358,858
359,859
360,860
361,861
362,862
363,863
364,864
365,865
366,866
367,867
368,868
369,869
370,870
371,871
372,872
373,873
374,874
375,875
376,876
377,877
378,878
379,879
380,880
381,881
382,882
383,883
384,884
385,885
386,886
387,887
388,888
389,889
390,890
391,891
392,892
393,893
394,894
395,895
396,896
397,897
398,898
399,899
400,900
401,901
402,902
403,903
404,904
405,905
406,906
407,907
408,908
409,909
410,910
411,911
412,912
413,913
414,914
415,915
416,916
417,917
418,918
419,919
420,920
421,921
422,922
423,923
424,924
425,925
426,926
427,927
428,928
429,929
430,930
431,931
432,932
433,933
434,934
435,935
436,936
437,937
438,938
439,939
440,940
441,941
442,942
443,943
444,944
445,945
446,946
447,947
448,948
449,949
450,950
451,951
452,952
453,953
454,954
455,955
456,956
457,957
458,958
459,959
460,960
461,961
462,962
463,963
464,964
465,965
466,966
467,967
468,968
469,969
470,970
471,971
472,972
473,973
474,974
475,975
476,976
477,977
478,978
479,979
480,980
481,981
482,982
483,983
484,984
485,985
486,986
487,987
488,988
489,989
490,990
491,991
492,992
493,993
494,994
495,995
496,996
497,997
498,998
499,999
500,1000
501,1001
502,1002
503,1003
504,1004
505,1005
506,1006
507,1007
508,1008
509,1009
510,1010
511,1011
512,1012
513,1013
514,1014
515,1015
516,1016
517,1017
518,1018
519,1019
520,1020
521,1021
522,1022
523,1023
524,1024
525,1025
526,1026
527,1027
528,1028
529,1029
530,1030
531,1031
532,1032
533,1033
534,1034
535,1035
536,1036
537,1037
538,1038
539,1039
540,1040
541,1041
542,1042
543,1043
544,1044
545,1045
546,1046
547,1047
548,1048
549,1049
550,1050
551,1051
552,1052
553,1053
554,1054
555,1055
556,1056
557,1057
558,1058
559,1059
560,1060
561,1061
562,1062
563,1063
564,1064
565,1065
566,1066
567,1067
568,1068
569,1069
570,1070
571,1071
572,1072
573,1073
574,1074
575,1075
576,1076
577,1077
578,1078
579,1079
580,1080
581,1081
582,1082
583,1083
584,1084
585,1085
586,1086
587,1087
588,1088
589,1089
590,1090
591,1091
592,1092
593,1093
594,1094
595,1095
596,1096
597,1097
598,1098
599,1099
600,1100
601,1101
602,1102
603,1103
604,1104
605,1105
606,1106
607,1107
608,1108
609,1109
610,1110
611,1111
612,1112
613,1113
614,1114
615,1115
616,1116
617,1117
618,1118
619,1119
620,1120
621,1121
622,1122
623,1123
624,1124
625,1125
626,1126
627,1127
628,1128
629,1129
630,1130
631,1131
632,1132
633,1133
634,1134
635,1135
636,1136
637,1137
638,1138
639,1139
640,1140
641,1141
642,1142
643,1143
644,1144
645,1145
646,1146
647,1147
648,1148
649,1149
650,1150
651,1151
652,1152
653,1153
654,1154
655,1155
656,1156
657,1157
658,1158
659,1159
660,1160
661,1161
662,1162
663,1163
664,1164
665,1165
666,1166
667,1167
668,1168
669,1169
670,1170
671,1171
672,1172
673,1173
674,1174
675,1175
676,1176
677,1177
678,1178
679,1179
680,1180
681,1181
682,1182
683,1183
684,1184
685,1185
686,1186
687,1187
688,1188
689,1189
690,1190
691,1191
692,1192
693,1193
694,1194
695,1195
696,1196
697,1197
698,1198
699,1199
700,1200
701,1201
702,1202
703,1203
704,1204
705,1205
706,1206
707,1207
708,1208
709,1209
710,1210
711,1211
712,1212
713,1213
714,1214
715,1215
716,1216
717,1217
718,1218
719,1219
720,1220
721,1221
722,1222
723,1223
724,1224
725,1225
726,1226
727,1227
728,1228
729,1229
730,1230
731,1231
732,1232
733,1233
734,1234
735,1235
736,1236
737,1237
738,1238
739,1239
740,1240
741,1241
742,1242
743,1243
744,1244
745,1245
746,1246
747,1247
748,1248
749,1249
750,1250
751,1251
752,1252
753,1253
754,1254
755,1255
756,1256
757,1257
758,1258
759,1259
760,1260
761,1261
762,1262
763,1263
764,1264
765,1265
766,1266
767,1267
768,1268
769,1269
770,1270
771,1271
772,1272
773,1273
774,1274
775,1275
776,1276
777,1277
778,1278
779,1279
780,1280
781,1281
782,1282
783,1283
784,1284
785,1285
786,1286
787,1287
788,1288
789,1289
790,1290
791,1291
792,1292
793,1293
794,1294
795,1295
796,1296
797,1297
798,1298
799,1299
800,1300
801,1301
802,1302
803,1303
804,1304
805,1305
806,1306
807,1307
808,1308
809,1309
810,1310
811,1311
812,1312
813,1313
814,1314
815,1315
816,1316
817,1317
818,1318
819,1319
820,1320
821,1321
822,1322
823,1323
824,1324
825,1325
826,1326
827,1327
828,1328
829,1329
830,1330
831,1331
832,1332
833,1333
834,1334
835,1335
836,1336
837,1337
838,1338
839,1339
840,1340
841,1341
842,1342
843,1343
844,1344
845,1345
846,1346
847,1347
848,1348
849,1349
850,1350
851,1351
852,1352
853,1353
854,1354
855,1355
856,1356
857,1357
858,1358
859,1359
860,1360
861,1361
862,1362
863,1363
864,1364
865,1365
866,1366
867,1367
868,1368
869,1369
870,1370
871,1371
872,1372
873,1373
874,1374
875,1375
876,1376
877,1377
878,1378
879,1379
880,1380
881,1381
882,1382
883,1383
884,1384
885,1385
886,1386
887,1387
888,1388
889,1389
890,1390
891,1391
892,1392
893,1393
894,1394
895,1395
896,1396
897,1397
898,1398
899,1399
900,1400
901,1401
902,1402
903,1403
904,1404
905,1405
906,1406
907,1407
908,1408
909,1409
910,1410
911,1411
912,1412
913,1413
914,1414
915,1415
916,1416
917,1417
918,1418
919,1419
920,1420
921,1421
922,1422
923,1423
924,1424
925,1425
926,1426
927,1427
928,1428
929,1429
930,1430
931,1431
932,1432
933,1433
934,1434
935,1435
936,1436
937,1437
938,1438
939,1439
940,1440
941,1441
942,1442
943,1443
944,1444
945,1445
946,1446
947,1447
948,1448
949,1449
950,1450
951,1451
952,1452
953,1453
954,1454
955,1455
956,1456
957,1457
958,1458
959,1459
960,1460
961,1461
962,1462
963,1463
964,1464
965,1465
966,1466
967,1467
968,1468
969,1469
970,1470
971,1471
972,1472
973,1473
974,1474
975,1475
976,1476
977,1477
978,1478
979,1479
980,1480
981,1481
982,1482
983,1483
984,1484
985,1485
986,1486
987,1487
988,1488
989,1489
990,1490
991,1491
992,1492
993,1493
994,1494
995,1495
996,1496
997,1497
998,1498
999,1499
1000,1500
1001,1501
1002,1502
1003,1503
1004,1504
1005,1505
1006,1506
1007,1507
1008,1508
1009,1509
1010,1510
1011,1511
1012,1512
1013,1513
1014,1514
1015,1515
1016,1516
1017,1517
1018,1518
1019,1519
1020,1520
1021,1521
1022,1522
1023,1523
1024,1524
1025,1525
1026,1526
1027,1527
1028,1528
1029,1529
1030,1530
1031,1531
1032,1532
1033,1533
1034,1534
1035,1535
1036,1536
1037,1537
1038,1538
1039,1539
1040,1540
1041,1541
1042,1542
1043,1543
1044,1544
1045,1545
1046,1546
1047,1547
1048,1548
1049,1549
1050,1550
1051,1551
1052,1552
1053,1553
1054,1554
1055,1555
1056,1556
1057,1557
1058,1558
1059,1559
1060,1560
1061,1561
1062,1562
1063,1563
1064,1564
1065,1565
1066,1566
1067,1567
1068,1568
1069,1569
1070,1570
1071,1571
1072,1572
1073,1573
1074,1574
1075,1575
1076,1576
1077,1577
1078,1578
1079,1579
1080,1580
1081,1581
1082,1582
1083,1583
1084,1584
1085,1585
1086,1586
1087,1587
1088,1588
1089,1589
1090,1590
1091,1591
1092,1592
1093,1593
1094,1594
1095,1595
1096,1596
1097,1597
1098,1598
1099,1599
1100,1600
1101,1601
1102,1602
1103,1603
1104,1604
1105,1605
1106,1606
1107,1607
1108,1608
1109,1609
1110,1610
1111,1611
1112,1612
1113,1613
1114,1614
1115,1615
1116,1616
1117,1617
1118,1618
1119,1619
1120,1620
1121,1621
1122,1622
1123,1623
1124,1624
1125,1625
1126,1626
1127,1627
1128,1628
1129,1629
1130,1630
1131,1631
1132,1632
1133,1633
1134,1634
1135,1635
1136,1636
1137,1637
1138,1638
1139,1639
1140,1640
1141,1641
1142,1642
1143,1643
1144,1644
1145,1645
1146,1646
1147,1647
1148,1648
1149,1649
1150,1650
1151,1651
1152,1652
1153,1653
1154,1654
1155,1655
1156,1656
1157,1657
1158,1658
1159,1659
1160,1660
1161,1661
1162,1662
1163,1663
1164,1664
1165,1665
1166,1666
1167,1667
1168,1668
1169,1669
1170,1670
1171,1671
1172,1672
1173,1673
1174,1674
1175,1675
1176,1676
1177,1677
1178,1678
1179,1679
1180,1680
1181,1681
1182,1682
1183,1683
1184,1684
1185,1685
1186,1686
1187,1687
1188,1688
1189,1689
1190,1690
1191,1691
1192,1692
1193,1693
1194,1694
1195,1695
1196,1696
1197,1697
1198,1698
1199,1699
1200,1700
1201,1701
1202,1702
1203,1703
1204,1704
1205,1705
1206,1706
1207,1707
1208,1708
1209,1709
1210,1710
1211,1711
1212,1712
1213,1713
1214,1714
1215,1715
1216,1716
1217,1717
1218,1718
1219,1719
1220,1720
1221,1721
1222,1722
1223,1723
1224,1724
1225,1725
1226,1726
1227,1727
1228,1728
1229,1729
1230,1730
1231,1731
1232,1732
1233,1733
1234,1734
1235,1735
1236,1736
1237,1737
1238,1738
1239,1739
1240,1740
1241,1741
1242,1742
1243,1743
1244,1744
1245,1745
1246,1746
1247,1747
1248,1748
1249,1749
1250,1750
1251,1751
1252,1752
1253,1753
1254,1754
1255,1755
1256,1756
1257,1757
1258,1758
1259,1759
1260,1760
1261,1761
1262,1762
1263,1763
1264,1764
1265,1765
1266,1766
1267,1767
1268,1768
1269,1769
1270,1770
1271,1771
1272,1772
1273,1773
1274,1774
1275,1775
1276,1776
1277,1777
1278,1778
1279,1779
1280,1780
1281,1781
1282,1782
1283,1783
1284,1784
1285,1785
1286,1786
1287,1787
1288,1788
1289,1789
1290,1790
1291,1791
1292,1792
1293,1793
1294,1794
1295,1795
1296,1796
1297,1797
1298,1798
1299,1799
1300,1800
1301,1801
1302,1802
1303,1803
1304,1804
1305,1805
1306,1806
1307,1807
1308,1808
1309,1809
1310,1810
1311,1811
1312,1812
1313,1813
1314,1814
1315,1815
1316,1816
1317,1817
1318,1818
1319,1819
1320,1820
1321,1821
1322,1822
1323,1823
1324,1824
1325,1825
1326,1826
1327,1827
1328,1828
1329,1829
1330,1830
1331,1831
1332,1832
1333,1833
1334,1834
1335,1835
1336,1836
1337,1837
1338,1838
1339,1839
1340,1840
1341,1841
1342,1842
1343,1843
1344,1844
1345,1845
1346,1846
1347,1847
1348,1848
1349,1849
1350,1850
1351,1851
1352,1852
1353,1853
1354,1854
1355,1855
1356,1856
1357,1857
1358,1858
1359,1859
1360,1860
1361,1861
1362,1862
1363,1863
1364,1864
1365,1865
1366,1866
1367,1867
1368,1868
1369,1869
1370,1870
1371,1871
1372,1872
1373,1873
1374,1874
1375,1875
1376,1876
1377,1877
1378,1878
1379,1879
1380,1880
1381,1881
1382,1882
1383,1883
1384,1884
1385,1885
1386,1886
1387,1887
1388,1888
1389,1889
1390,1890
1391,1891
1392,1892
1393,1893
1394,1894
1395,1895
1396,1896
1397,1897
1398,1898
1399,1899
1400,1900
1401,1901
1402,1902
1403,1903
1404,1904
1405,1905
1406,1906
1407,1907
1408,1908
1409,1909
1410,1910
1411,1911
1412,1912
1413,1913
1414,1914
1415,1915
1416,1916
1417,1917
1418,1918
1419,1919
1420,1920
1421,1921
1422,1922
1423,1923
1424,1924
1425,1925
1426,1926
1427,1927
1428,1928
1429,1929
1430,1930
1431,1931
1432,1932
1433,1933
1434,1934
1435,1935
1436,1936
1437,1937
1438,1938
1439,1939
1440,1940
1441,1941
1442,1942
1443,1943
1444,1944
1445,1945
1446,1946
1447,1947
1448,1948
1449,1949
1450,1950
1451,1951
1452,1952
1453,1953
1454,1954
1455,1955
1456,1956
1457,1957
1458,1958
1459,1959
1460,1960
1461,1961
1462,1962
1463,1963
1464,1964
1465,1965
1466,1966
1467,1967
1468,1968
1469,1969
1470,1970
1471,1971
1472,1972
1473,1973
1474,1974
1475,1975
1476,1976
1477,1977
1478,1978
1479,1979
1480,1980
1481,1981
1482,1982
1483,1983
1484,1984
1485,1985
1486,1986
1487,1987
1488,1988
1489,1989
1490,1990
1491,1991
1492,1992
1493,1993
1494,1994
1495,1995
1496,1996
1497,1997
1498,1998
1499,1999
1500,2000
1501,2001
1502,2002
1503,2003
1504,2004
1505,2005
1506,2006
1507,2007
1508,2008
1509,2009
1510,2010
1511,2011
1512,2012
1513,2013
1514,2014
1515,2015
1516,2016
1517,2017
1518,2018
1519,2019
1520,2020
1521,2021
1522,2022
1523,2023
1524,2024
1525,2025
1526,2026
1527,2027
1528,2028
1529,2029
1530,2030
1531,2031
1532,2032
1533,2033
1534,2034
1535,2035
1536,2036
1537,2037
1538,2038
1539,2039
1540,2040
1541,2041
1542,2042
1543,2043
1544,2044
1545,2045
1546,2046
1547,2047
1548,2048
1549,2049
1550,2050
1551,2051
1552,2052
1553,2053
1554,2054
1555,2055
1556,2056
1557,2057
1558,2058
1559,2059
1560,2060
1561,2061
1562,2062
1563,2063
1564,2064
1565,2065
1566,2066
1567,2067
1568,2068
1569,2069
1570,2070
1571,2071
1572,2072
1573,2073
1574,2074
1575,2075
1576,2076
1577,2077
1578,2078
1579,2079
1580,2080
1581,2081
1582,2082
1583,2083
1584,2084
1585,2085
1586,2086
1587,2087
1588,2088
1589,2089
1590,2090
1591,2091
1592,2092
1593,2093
1594,2094
1595,2095
1596,2096
1597,2097
1598,2098
1599,2099
1600,2100
1601,2101
1602,2102
1603,2103
1604,2104
1605,2105
1606,2106
1607,2107
1608,2108
1609,2109
1610,2110
1611,2111
1612,2112
1613,2113
1614,2114
1615,2115
1616,2116
1617,2117
1618,2118
1619,2119
1620,2120
1621,2121
1622,2122
1623,2123
1624,2124
1625,2125
1626,2126
1627,2127
1628,2128
1629,2129
1630,2130
1631,2131
1632,2132
1633,2133
1634,2134
1635,2135
1636,2136
1637,2137
1638,2138
1639,2139
1640,2140
1641,2141
1642,2142
1643,2143
1644,2144
1645,2145
1646,2146
1647,2147
1648,2148
1649,2149
1650,2150
1651,2151
1652,2152
1653,2153
1654,2154
1655,2155
1656,2156
1657,2157
1658,2158
1659,2159
1660,2160
1661,2161
1662,2162
1663,2163
1664,2164
1665,2165
1666,2166
1667,2167
1668,2168
1669,2169
1670,2170
1671,2171
1672,2172
1673,2173
1674,2174
1675,2175
1676,2176
1677,2177
1678,2178
1679,2179
1680,2180
1681,2181
1682,2182
1683,2183
1684,2184
1685,2185
1686,2186
1687,2187
1688,2188
1689,2189
1690,2190
1691,2191
1692,2192
1693,2193
1694,2194
1695,2195
1696,2196
1697,2197
1698,2198
1699,2199
1700,2200
1701,2201
1702,2202
1703,2203
1704,2204
1705,2205
1706,2206
1707,2207
1708,2208
1709,2209
1710,2210
1711,2211
1712,2212
1713,2213
1714,2214
1715,2215
1716,2216
1717,2217
1718,2218
1719,2219
1720,2220
1721,2221
1722,2222
1723,2223
1724,2224
1725,2225
1726,2226
1727,2227
1728,2228
1729,2229
1730,2230
1731,2231
1732,2232
1733,2233
1734,2234
1735,2235
1736,2236
1737,2237
1738,2238
1739,2239
1740,2240
1741,2241
1742,2242
1743,2243
1744,2244
1745,2245
1746,2246
1747,2247
1748,2248
1749,2249
1750,2250
1751,2251
1752,2252
1753,2253
1754,2254
1755,2255
1756,2256
1757,2257
1758,2258
1759,2259
1760,2260
1761,2261
1762,2262
1763,2263
1764,2264
1765,2265
1766,2266
1767,2267
1768,2268
1769,2269
1770,2270
1771,2271
1772,2272
1773,2273
1774,2274
1775,2275
1776,2276
1777,2277
1778,2278
1779,2279
1780,2280
1781,2281
1782,2282
1783,2283
1784,2284
1785,2285
1786,2286
1787,2287
1788,2288
1789,2289
1790,2290
1791,2291
1792,2292
1793,2293
1794,2294
1795,2295
1796,2296
1797,2297
1798,2298
1799,2299
1800,2300
1801,2301
1802,2302
1803,2303
1804,2304
1805,2305
1806,2306
1807,2307
1808,2308
1809,2309
1810,2310
1811,2311
1812,2312
1813,2313
1814,2314
1815,2315
1816,2316
1817,2317
1818,2318
1819,2319
1820,2320
1821,2321
1822,2322
1823,2323
1824,2324
1825,2325
1826,2326
1827,2327
1828,2328
1829,2329
1830,2330
1831,2331
1832,2332
1833,2333
1834,2334
1835,2335
1836,2336
1837,2337
1838,2338
1839,2339
1840,2340
1841,2341
1842,2342
1843,2343
1844,2344
1845,2345
1846,2346
1847,2347
1848,2348
1849,2349
1850,2350
1851,2351
1852,2352
1853,2353
1854,2354
1855,2355
1856,2356
1857,2357
1858,2358
1859,2359
1860,2360
1861,2361
1862,2362
1863,2363
1864,2364
1865,2365
1866,2366
1867,2367
1868,2368
1869,2369
1870,2370
1871,2371
1872,2372
1873,2373
1874,2374
1875,2375
1876,2376
1877,2377
1878,2378
1879,2379
1880,2380
1881,2381
1882,2382
1883,2383
1884,2384
1885,2385
1886,2386
1887,2387
1888,2388
1889,2389
1890,2390
1891,2391
1892,2392
1893,2393
1894,2394
1895,2395
1896,2396
1897,2397
1898,2398
1899,2399
1900,2400
1901,2401
1902,2402
1903,2403
1904,2404
1905,2405
1906,2406
1907,2407
1908,2408
1909,2409
1910,2410
1911,2411
1912,2412
1913,2413
1914,2414
1915,2415
1916,2416
1917,2417
1918,2418
1919,2419
1920,2420
1921,2421
1922,2422
1923,2423
1924,2424
1925,2425
1926,2426
1927,2427
1928,2428
1929,2429
1930,2430
1931,2431
1932,2432
1933,2433
1934,2434
1935,2435
1936,2436
1937,2437
1938,2438
1939,2439
1940,2440
1941,2441
1942,2442
1943,2443
1944,2444
1945,2445
1946,2446
1947,2447
1948,2448
1949,2449
1950,2450
1951,2451
1952,2452
1953,2453
1954,2454
1955,2455
1956,2456
1957,2457
1958,2458
1959,2459
1960,2460
1961,2461
1962,2462
1963,2463
1964,2464
1965,2465
1966,2466
1967,2467
1968,2468
1969,2469
1970,2470
1971,2471
1972,2472
1973,2473
1974,2474
1975,2475
1976,2476
1977,2477
1978,2478
1979,2479
1980,2480
1981,2481
1982,2482
1983,2483
1984,2484
1985,2485
1986,2486
1987,2487
1988,2488
1989,2489
1990,2490
1991,2491
1992,2492
1993,2493
1994,2494
1995,2495
1996,2496
1997,2497
1998,2498
1999,2499
2000,2500
2001,2501
2002,2502
2003,2503
2004,2504
2005,2505
2006,2506
2007,2507
2008,2508
2009,2509
2010,2510
2011,2511
2012,2512
2013,2513
2014,2514
2015,2515
2016,2516
2017,2517
2018,2518
2019,2519
2020,2520
2021,2521
2022,2522
2023,2523
2024,2524
2025,2525
2026,2526
2027,2527
2028,2528
2029,2529
2030,2530
2031,2531
2032,2532
2033,2533
2034,2534
2035,2535
2036,2536
2037,2537
2038,2538
2039,2539
2040,2540
2041,2541
2042,2542
2043,2543
2044,2544
2045,2545
2046,2546
2047,2547
2048,2548
2049,2549
2050,2550
2051,2551
2052,2552
2053,2553
2054,2554
2055,2555
2056,2556
2057,2557
2058,2558
2059,2559
2060,2560
2061,2561
2062,2562
2063,2563
2064,2564
2065,2565
2066,2566
2067,2567
2068,2568
2069,2569
2070,2570
2071,2571
2072,2572
2073,2573
2074,2574
2075,2575
2076,2576
2077,2577
2078,2578
2079,2579
2080,2580
2081,2581
2082,2582
2083,2583
2084,2584
2085,2585
2086,2586
2087,2587
2088,2588
2089,2589
2090,2590
2091,2591
2092,2592
2093,2593
2094,2594
2095,2595
2096,2596
2097,2597
2098,2598
2099,2599
2100,2600
2101,2601
2102,2602
2103,2603
2104,2604
2105,2605
2106,2606
2107,2607
2108,2608
2109,2609
2110,2610
2111,2611
2112,2612
2113,2613
2114,2614
2115,2615
2116,2616
2117,2617
2118,2618
2119,2619
2120,2620
2121,2621
2122,2622
2123,2623
2124,2624
2125,2625
2126,2626
2127,2627
2128,2628
2129,2629
2130,2630
2131,2631
2132,2632
2133,2633
2134,2634
2135,2635
2136,2636
2137,2637
2138,2638
2139,2639
2140,2640
2141,2641
2142,2642
2143,2643
2144,2644
2145,2645
2146,2646
2147,2647
2148,2648
2149,2649
2150,2650
2151,2651
2152,2652
2153,2653
2154,2654
2155,2655
2156,2656
2157,2657
2158,2658
2159,2659
2160,2660
2161,2661
2162,2662
2163,2663
2164,2664
2165,2665
2166,2666
2167,2667
2168,2668
2169,2669
2170,2670
2171,2671
2172,2672
2173,2673
2174,2674
2175,2675
2176,2676
2177,2677
2178,2678
2179,2679
2180,2680
2181,2681
2182,2682
2183,2683
2184,2684
2185,2685
2186,2686
2187,2687
2188,2688
2189,2689
2190,2690
2191,2691
2192,2692
2193,2693
2194,2694
2195,2695
2196,2696
2197,2697
2198,2698
2199,2699
2200,2700
2201,2701
2202,2702
2203,2703
2204,2704
2205,2705
2206,2706
2207,2707
2208,2708
2209,2709
2210,2710
2211,2711
2212,2712
2213,2713
2214,2714
2215,2715
2216,2716
2217,2717
2218,2718
2219,2719
2220,2720
2221,2721
2222,2722
2223,2723
2224,2724
2225,2725
2226,2726
2227,2727
2228,2728
2229,2729
2230,2730
2231,2731
2232,2732
2233,2733
2234,2734
2235,2735
2236,2736
2237,2737
2238,2738
2239,2739
2240,2740
2241,2741
2242,2742
2243,2743
2244,2744
2245,2745
2246,2746
2247,2747
2248,2748
2249,2749
2250,2750
2251,2751
2252,2752
2253,2753
2254,2754
2255,2755
2256,2756
2257,2757
2258,2758
2259,2759
2260,2760
2261,2761
2262,2762
2263,2763
2264,2764
2265,2765
2266,2766
2267,2767
2268,2768
2269,2769
2270,2770
2271,2771
2272,2772
2273,2773
2274,2774
2275,2775
2276,2776
2277,2777
2278,2778
2279,2779
2280,2780
2281,2781
2282,2782
2283,2783
2284,2784
2285,2785
2286,2786
2287,2787
2288,2788
2289,2789
2290,2790
2291,2791
2292,2792
2293,2793
2294,2794
2295,2795
2296,2796
2297,2797
2298,2798
2299,2799
2300,2800
2301,2801
2302,2802
2303,2803
2304,2804
2305,2805
2306,2806
2307,2807
2308,2808
2309,2809
2310,2810
2311,2811
2312,2812
2313,2813
2314,2814
2315,2815
2316,2816
2317,2817
2318,2818
2319,2819
2320,2820
2321,2821
2322,2822
2323,2823
2324,2824
2325,2825
2326,2826
2327,2827
2328,2828
2329,2829
2330,2830
2331,2831
2332,2832
2333,2833
2334,2834
2335,2835
2336,2836
2337,2837
2338,2838
2339,2839
2340,2840
2341,2841
2342,2842
2343,2843
2344,2844
2345,2845
2346,2846
2347,2847
2348,2848
2349,2849
2350,2850
2351,2851
2352,2852
2353,2853
2354,2854
2355,2855
2356,2856
2357,2857
2358,2858
2359,2859
2360,2860
2361,2861
2362,2862
2363,2863
2364,2864
2365,2865
2366,2866
2367,2867
2368,2868
2369,2869
2370,2870
2371,2871
2372,2872
2373,2873
2374,2874
2375,2875
2376,2876
2377,2877
2378,2878
2379,2879
2380,2880
2381,2881
2382,2882
2383,2883
2384,2884
2385,2885
2386,2886
2387,2887
2388,2888
2389,2889
2390,2890
2391,2891
2392,2892
2393,2893
2394,2894
2395,2895
2396,2896
2397,2897
2398,2898
2399,2899
2400,2900
2401,2901
2402,2902
2403,2903
2404,2904
2405,2905
2406,2906
2407,2907
2408,2908
2409,2909
2410,2910
2411,2911
2412,2912
2413,2913
2414,2914
2415,2915
2416,2916
2417,2917
2418,2918
2419,2919
2420,2920
2421,2921
2422,2922
2423,2923
2424,2924
2425,2925
2426,2926
2427,2927
2428,2928
2429,2929
2430,2930
2431,2931
2432,2932
2433,2933
2434,2934
2435,2935
2436,2936
2437,2937
2438,2938
2439,2939
2440,2940
2441,2941
2442,2942
2443,2943
2444,2944
2445,2945
2446,2946
2447,2947
2448,2948
2449,2949
2450,2950
2451,2951
2452,2952
2453,2953
2454,2954
2455,2955
2456,2956
2457,2957
2458,2958
2459,2959
2460,2960
2461,2961
2462,2962
2463,2963
2464,2964
2465,2965
2466,2966
2467,2967
2468,2968
2469,2969
2470,2970
2471,2971
2472,2972
2473,2973
2474,2974
2475,2975
2476,2976
2477,2977
2478,2978
2479,2979
2480,2980
2481,2981
2482,2982
2483,2983
2484,2984
2485,2985
2486,2986
2487,2987
2488,2988
2489,2989
2490,2990
2491,2991
2492,2992
2493,2993
2494,2994
2495,2995
2496,2996
2497,2997
2498,2998
2499,2999
2500,3000
2501,3001
2502,3002
2503,3003
2504,3004
2505,3005
2506,3006
2507,3007
2508,3008
2509,3009
2510,3010
2511,3011
2512,3012
2513,3013
2514,3014
2515,3015
2516,3016
2517,3017
2518,3018
2519,3019
2520,3020
2521,3021
2522,3022
2523,3023
2524,3024
2525,3025
2526,3026
2527,3027
2528,3028
2529,3029
2530,3030
2531,3031
2532,3032
2533,3033
2534,3034
2535,3035
2536,3036
2537,3037
2538,3038
2539,3039
2540,3040
2541,3041
2542,3042
2543,3043
2544,3044
2545,3045
2546,3046
2547,3047
2548,3048
2549,3049
2550,3050
2551,3051
2552,3052
2553,3053
2554,3054
2555,3055
2556,3056
2557,3057
2558,3058
2559,3059
2560,3060
2561,3061
2562,3062
2563,3063
2564,3064
2565,3065
2566,3066
2567,3067
2568,3068
2569,3069
2570,3070
2571,3071
2572,3072
2573,3073
2574,3074
2575,3075
2576,3076
2577,3077
2578,3078
2579,3079
2580,3080
2581,3081
2582,3082
2583,3083
2584,3084
2585,3085
2586,3086
2587,3087
2588,3088
2589,3089
2590,3090
2591,3091
2592,3092
2593,3093
2594,3094
2595,3095
2596,3096
2597,3097
2598,3098
2599,3099
2600,3100
2601,3101
2602,3102
2603,3103
2604,3104
2605,3105
2606,3106
2607,3107
2608,3108
2609,3109
2610,3110
2611,3111
2612,3112
2613,3113
2614,3114
2615,3115
2616,3116
2617,3117
2618,3118
2619,3119
2620,3120
2621,3121
2622,3122
2623,3123
2624,3124
2625,3125
2626,3126
2627,3127
2628,3128
2629,3129
2630,3130
2631,3131
2632,3132
2633,3133
2634,3134
2635,3135
2636,3136
2637,3137
2638,3138
2639,3139
2640,3140
2641,3141
2642,3142
2643,3143
2644,3144
2645,3145
2646,3146
2647,3147
2648,3148
2649,3149
2650,3150
2651,3151
2652,3152
2653,3153
2654,3154
2655,3155
2656,3156
2657,3157
2658,3158
2659,3159
2660,3160
2661,3161
2662,3162
2663,3163
2664,3164
2665,3165
2666,3166
2667,3167
2668,3168
2669,3169
2670,3170
2671,3171
2672,3172
2673,3173
2674,3174
2675,3175
2676,3176
2677,3177
2678,3178
2679,3179
2680,3180
2681,3181
2682,3182
2683,3183
2684,3184
2685,3185
2686,3186
2687,3187
2688,3188
2689,3189
2690,3190
2691,3191
2692,3192
2693,3193
2694,3194
2695,3195
2696,3196
2697,3197
2698,3198
2699,3199
2700,3200
2701,3201
2702,3202
2703,3203
2704,3204
2705,3205
2706,3206
2707,3207
2708,3208
2709,3209
2710,3210
2711,3211
2712,3212
2713,3213
2714,3214
2715,3215
2716,3216
2717,3217
2718,3218
2719,3219
2720,3220
2721,3221
2722,3222
2723,3223
2724,3224
2725,3225
2726,3226
2727,3227
2728,3228
2729,3229
2730,3230
2731,3231
2732,3232
2733,3233
2734,3234
2735,3235
2736,3236
2737,3237
2738,3238
2739,3239
2740,3240
2741,3241
2742,3242
2743,3243
2744,3244
2745,3245
2746,3246
2747,3247
2748,3248
2749,3249
2750,3250
2751,3251
2752,3252
2753,3253
2754,3254
2755,3255
2756,3256
2757,3257
2758,3258
2759,3259
2760,3260
2761,3261
2762,3262
2763,3263
2764,3264
2765,3265
2766,3266
2767,3267
2768,3268
2769,3269
2770,3270
2771,3271
2772,3272
2773,3273
2774,3274
2775,3275
2776,3276
2777,3277
2778,3278
2779,3279
2780,3280
2781,3281
2782,3282
2783,3283
2784,3284
2785,3285
2786,3286
2787,3287
2788,3288
2789,3289
2790,3290
2791,3291
2792,3292
2793,3293
2794,3294
2795,3295
2796,3296
2797,3297
2798,3298
2799,3299
2800,3300
2801,3301
2802,3302
2803,3303
2804,3304
2805,3305
2806,3306
2807,3307
2808,3308
2809,3309
2810,3310
2811,3311
2812,3312
2813,3313
2814,3314
2815,3315
2816,3316
2817,3317
2818,3318
2819,3319
2820,3320
2821,3321
2822,3322
2823,3323
2824,3324
2825,3325
2826,3326
2827,3327
2828,3328
2829,3329
2830,3330
2831,3331
2832,3332
2833,3333
2834,3334
2835,3335
2836,3336
2837,3337
2838,3338
2839,3339
2840,3340
2841,3341
2842,3342
2843,3343
2844,3344
2845,3345
2846,3346
2847,3347
2848,3348
2849,3349
2850,3350
2851,3351
2852,3352
2853,3353
2854,3354
2855,3355
2856,3356
2857,3357
2858,3358
2859,3359
2860,3360
2861,3361
2862,3362
2863,3363
2864,3364
2865,3365
2866,3366
2867,3367
2868,3368
2869,3369
2870,3370
2871,3371
2872,3372
2873,3373
2874,3374
2875,3375
2876,3376
2877,3377
2878,3378
2879,3379
2880,3380
2881,3381
2882,3382
2883,3383
2884,3384
2885,3385
2886,3386
2887,3387
2888,3388
2889,3389
2890,3390
2891,3391
2892,3392
2893,3393
2894,3394
2895,3395
2896,3396
2897,3397
2898,3398
2899,3399
2900,3400
2901,3401
2902,3402
2903,3403
2904,3404
2905,3405
2906,3406
2907,3407
2908,3408
2909,3409
2910,3410
2911,3411
2912,3412
2913,3413
2914,3414
2915,3415
2916,3416
2917,3417
2918,3418
2919,3419
2920,3420
2921,3421
2922,3422
2923,3423
2924,3424
2925,3425
2926,3426
2927,3427
2928,3428
2929,3429
2930,3430
2931,3431
2932,3432
2933,3433
2934,3434
2935,3435
2936,3436
2937,3437
2938,3438
2939,3439
2940,3440
2941,3441
2942,3442
2943,3443
2944,3444
2945,3445
2946,3446
2947,3447
2948,3448
2949,3449
2950,3450
2951,3451
2952,3452
2953,3453
2954,3454
2955,3455
2956,3456
2957,3457
2958,3458
2959,3459
2960,3460
2961,3461
2962,3462
2963,3463
2964,3464
2965,3465
2966,3466
2967,3467
2968,3468
2969,3469
2970,3470
2971,3471
2972,3472
2973,3473
2974,3474
2975,3475
2976,3476
2977,3477
2978,3478
2979,3479
2980,3480
2981,3481
2982,3482
2983,3483
2984,3484
2985,3485
2986,3486
2987,3487
2988,3488
2989,3489
2990,3490
2991,3491
2992,3492
2993,3493
2994,3494
2995,3495
2996,3496
2997,3497
2998,3498
2999,3499
3000,3500
3001,3501
3002,3502
3003,3503
3004,3504
3005,3505
3006,3506
3007,3507
3008,3508
3009,3509
3010,3510
3011,3511
3012,3512
3013,3513
3014,3514
3015,3515
3016,3516
3017,3517
3018,3518
3019,3519
3020,3520
3021,3521
3022,3522
3023,3523
3024,3524
3025,3525
3026,3526
3027,3527
3028,3528
3029,3529
3030,3530
3031,3531
3032,3532
3033,3533
3034,3534
3035,3535
3036,3536
3037,3537
3038,3538
3039,3539
3040,3540
3041,3541
3042,3542
3043,3543
3044,3544
3045,3545
3046,3546
3047,3547
3048,3548
3049,3549
3050,3550
3051,3551
3052,3552
3053,3553
3054,3554
3055,3555
3056,3556
3057,3557
3058,3558
3059,3559
3060,3560
3061,3561
3062,3562
3063,3563
3064,3564
3065,3565
3066,3566
3067,3567
3068,3568
3069,3569
3070,3570
3071,3571
3072,3572
3073,3573
3074,3574
3075,3575
3076,3576
3077,3577
3078,3578
3079,3579
3080,3580
3081,3581
3082,3582
3083,3583
3084,3584
3085,3585
3086,3586
3087,3587
3088,3588
3089,3589
3090,3590
3091,3591
3092,3592
3093,3593
3094,3594
3095,3595
3096,3596
3097,3597
3098,3598
3099,3599
3100,3600
3101,3601
3102,3602
3103,3603
3104,3604
3105,3605
3106,3606
3107,3607
3108,3608
3109,3609
3110,3610
3111,3611
3112,3612
3113,3613
3114,3614
3115,3615
3116,3616
3117,3617
3118,3618
3119,3619
3120,3620
3121,3621
3122,3622
3123,3623
3124,3624
3125,3625
3126,3626
3127,3627
3128,3628
3129,3629
3130,3630
3131,3631
3132,3632
3133,3633
3134,3634
3135,3635
3136,3636
3137,3637
3138,3638
3139,3639
3140,3640
3141,3641
3142,3642
3143,3643
3144,3644
3145,3645
3146,3646
3147,3647
3148,3648
3149,3649
3150,3650
3151,3651
3152,3652
3153,3653
3154,3654
3155,3655
3156,3656
3157,3657
3158,3658
3159,3659
3160,3660
3161,3661
3162,3662
3163,3663
3164,3664
3165,3665
3166,3666
3167,3667
3168,3668
3169,3669
3170,3670
3171,3671
3172,3672
3173,3673
3174,3674
3175,3675
3176,3676
3177,3677
3178,3678
3179,3679
3180,3680
3181,3681
3182,3682
3183,3683
3184,3684
3185,3685
3186,3686
3187,3687
3188,3688
3189,3689
3190,3690
3191,3691
3192,3692
3193,3693
3194,3694
3195,3695
3196,3696
3197,3697
3198,3698
3199,3699
3200,3700
3201,3701
3202,3702
3203,3703
3204,3704
3205,3705
3206,3706
3207,3707
3208,3708
3209,3709
3210,3710
3211,3711
3212,3712
3213,3713
3214,3714
3215,3715
3216,3716
3217,3717
3218,3718
3219,3719
3220,3720
3221,3721
3222,3722
3223,3723
3224,3724
3225,3725
3226,3726
3227,3727
3228,3728
3229,3729
3230,3730
3231,3731
3232,3732
3233,3733
3234,3734
3235,3735
3236,3736
3237,3737
3238,3738
3239,3739
3240,3740
3241,3741
3242,3742
3243,3743
3244,3744
3245,3745
3246,3746
3247,3747
3248,3748
3249,3749
3250,3750
3251,3751
3252,3752
3253,3753
3254,3754
3255,3755
3256,3756
3257,3757
3258,3758
3259,3759
3260,3760
3261,3761
3262,3762
3263,3763
3264,3764
3265,3765
3266,3766
3267,3767
3268,3768
3269,3769
3270,3770
3271,3771
3272,3772
3273,3773
3274,3774
3275,3775
3276,3776
3277,3777
3278,3778
3279,3779
3280,3780
3281,3781
3282,3782
3283,3783
3284,3784
3285,3785
3286,3786
3287,3787
3288,3788
3289,3789
3290,3790
3291,3791
3292,3792
3293,3793
3294,3794
3295,3795
3296,3796
3297,3797
3298,3798
3299,3799
3300,3800
3301,3801
3302,3802
3303,3803
3304,3804
3305,3805
3306,3806
3307,3807
3308,3808
3309,3809
3310,3810
3311,3811
3312,3812
3313,3813
3314,3814
3315,3815
3316,3816
3317,3817
3318,3818
3319,3819
3320,3820
3321,3821
3322,3822
3323,3823
3324,3824
3325,3825
3326,3826
3327,3827
3328,3828
3329,3829
3330,3830
3331,3831
3332,3832
3333,3833
3334,3834
3335,3835
3336,3836
3337,3837
3338,3838
3339,3839
3340,3840
3341,3841
3342,3842
3343,3843
3344,3844
3345,3845
3346,3846
3347,3847
3348,3848
3349,3849
3350,3850
3351,3851
3352,3852
3353,3853
3354,3854
3355,3855
3356,3856
3357,3857
3358,3858
3359,3859
3360,3860
3361,3861
3362,3862
3363,3863
3364,3864
3365,3865
3366,3866
3367,3867
3368,3868
3369,3869
3370,3870
3371,3871
3372,3872
3373,3873
3374,3874
3375,3875
3376,3876
3377,3877
3378,3878
3379,3879
3380,3880
3381,3881
3382,3882
3383,3883
3384,3884
3385,3885
3386,3886
3387,3887
3388,3888
3389,3889
3390,3890
3391,3891
3392,3892
3393,3893
3394,3894
3395,3895
3396,3896
3397,3897
3398,3898
3399,3899
3400,3900
3401,3901
3402,3902
3403,3903
3404,3904
3405,3905
3406,3906
3407,3907
3408,3908
3409,3909
3410,3910
3411,3911
3412,3912
3413,3913
3414,3914
3415,3915
3416,3916
3417,3917
3418,3918
3419,3919
3420,3920
3421,3921
3422,3922
3423,3923
3424,3924
3425,3925
3426,3926
3427,3927
3428,3928
3429,3929
3430,3930
3431,3931
3432,3932
3433,3933
3434,3934
3435,3935
3436,3936
3437,3937
3438,3938
3439,3939
3440,3940
3441,3941
3442,3942
3443,3943
3444,3944
3445,3945
3446,3946
3447,3947
3448,3948
3449,3949
3450,3950
3451,3951
3452,3952
3453,3953
3454,3954
3455,3955
3456,3956
3457,3957
3458,3958
3459,3959
3460,3960
3461,3961
3462,3962
3463,3963
3464,3964
3465,3965
3466,3966
3467,3967
3468,3968
3469,3969
3470,3970
3471,3971
3472,3972
3473,3973
3474,3974
3475,3975
3476,3976
3477,3977
3478,3978
3479,3979
3480,3980
3481,3981
3482,3982
3483,3983
3484,3984
3485,3985
3486,3986
3487,3987
3488,3988
3489,3989
3490,3990
3491,3991
3492,3992
3493,3993
3494,3994
3495,3995
3496,3996
3497,3997
3498,3998
3499,3999
3500,4000
3501,4001
3502,4002
3503,4003
3504,4004
3505,4005
3506,4006
3507,4007
3508,4008
3509,4009
3510,4010
3511,4011
3512,4012
3513,4013
3514,4014
3515,4015
3516,4016
3517,4017
3518,4018
3519,4019
3520,4020
3521,4021
3522,4022
3523,4023
3524,4024
3525,4025
3526,4026
3527,4027
3528,4028
3529,4029
3530,4030
3531,4031
3532,4032
3533,4033
3534,4034
3535,4035
3536,4036
3537,4037
3538,4038
3539,4039
3540,4040
3541,4041
3542,4042
3543,4043
3544,4044
3545,4045
3546,4046
3547,4047
3548,4048
3549,4049
3550,4050
3551,4051
3552,4052
3553,4053
3554,4054
3555,4055
3556,4056
3557,4057
3558,4058
3559,4059
3560,4060
3561,4061
3562,4062
3563,4063
3564,4064
3565,4065
3566,4066
3567,4067
3568,4068
3569,4069
3570,4070
3571,4071
3572,4072
3573,4073
3574,4074
3575,4075
3576,4076
3577,4077
3578,4078
3579,4079
3580,4080
3581,4081
3582,4082
3583,4083
3584,4084
3585,4085
3586,4086
3587,4087
3588,4088
3589,4089
3590,4090
3591,4091
3592,4092
3593,4093
3594,4094
3595,4095
3596,4096
3597,4097
3598,4098
3599,4099
3600,4100
3601,4101
3602,4102
3603,4103
3604,4104
3605,4105
3606,4106
3607,4107
3608,4108
3609,4109
3610,4110
3611,4111
3612,4112
3613,4113
3614,4114
3615,4115
3616,4116
3617,4117
3618,4118
3619,4119
3620,4120
3621,4121
3622,4122
3623,4123
3624,4124
3625,4125
3626,4126
3627,4127
3628,4128
3629,4129
3630,4130
3631,4131
3632,4132
3633,4133
3634,4134
3635,4135
3636,4136
3637,4137
3638,4138
3639,4139
3640,4140
3641,4141
3642,4142
3643,4143
3644,4144
3645,4145
3646,4146
3647,4147
3648,4148
3649,4149
3650,4150
3651,4151
3652,4152
3653,4153
3654,4154
3655,4155
3656,4156
3657,4157
3658,4158
3659,4159
3660,4160
3661,4161
3662,4162
3663,4163
3664,4164
3665,4165
3666,4166
3667,4167
3668,4168
3669,4169
3670,4170
3671,4171
3672,4172
3673,4173
3674,4174
3675,4175
3676,4176
3677,4177
3678,4178
3679,4179
3680,4180
3681,4181
3682,4182
3683,4183
3684,4184
3685,4185
3686,4186
3687,4187
3688,4188
3689,4189
3690,4190
3691,4191
3692,4192
3693,4193
3694,4194
3695,4195
3696,4196
3697,4197
3698,4198
3699,4199
3700,4200
3701,4201
3702,4202
3703,4203
3704,4204
3705,4205
3706,4206
3707,4207
3708,4208
3709,4209
3710,4210
3711,4211
3712,4212
3713,4213
3714,4214
3715,4215
3716,4216
3717,4217
3718,4218
3719,4219
3720,4220
3721,4221
3722,4222
3723,4223
3724,4224
3725,4225
3726,4226
3727,4227
3728,4228
3729,4229
3730,4230
3731,4231
3732,4232
3733,4233
3734,4234
3735,4235
3736,4236
3737,4237
3738,4238
3739,4239
3740,4240
3741,4241
3742,4242
3743,4243
3744,4244
3745,4245
3746,4246
3747,4247
3748,4248
3749,4249
3750,4250
3751,4251
3752,4252
3753,4253
3754,4254
3755,4255
3756,4256
3757,4257
3758,4258
3759,4259
3760,4260
3761,4261
3762,4262
3763,4263
3764,4264
3765,4265
3766,4266
3767,4267
3768,4268
3769,4269
3770,4270
3771,4271
3772,4272
3773,4273
3774,4274
3775,4275
3776,4276
3777,4277
3778,4278
3779,4279
3780,4280
3781,4281
3782,4282
3783,4283
3784,4284
3785,4285
3786,4286
3787,4287
3788,4288
3789,4289
3790,4290
3791,4291
3792,4292
3793,4293
3794,4294
3795,4295
3796,4296
3797,4297
3798,4298
3799,4299
3800,4300
3801,4301
3802,4302
3803,4303
3804,4304
3805,4305
3806,4306
3807,4307
3808,4308
3809,4309
3810,4310
3811,4311
3812,4312
3813,4313
3814,4314
3815,4315
3816,4316
3817,4317
3818,4318
3819,4319
3820,4320
3821,4321
3822,4322
3823,4323
3824,4324
3825,4325
3826,4326
3827,4327
3828,4328
3829,4329
3830,4330
3831,4331
3832,4332
3833,4333
3834,4334
3835,4335
3836,4336
3837,4337
3838,4338
3839,4339
3840,4340
3841,4341
3842,4342
3843,4343
3844,4344
3845,4345
3846,4346
3847,4347
3848,4348
3849,4349
3850,4350
3851,4351
3852,4352
3853,4353
3854,4354
3855,4355
3856,4356
3857,4357
3858,4358
3859,4359
3860,4360
3861,4361
3862,4362
3863,4363
3864,4364
3865,4365
3866,4366
3867,4367
3868,4368
3869,4369
3870,4370
3871,4371
3872,4372
3873,4373
3874,4374
3875,4375
3876,4376
3877,4377
3878,4378
3879,4379
3880,4380
3881,4381
3882,4382
3883,4383
3884,4384
3885,4385
3886,4386
3887,4387
3888,4388
3889,4389
3890,4390
3891,4391
3892,4392
3893,4393
3894,4394
3895,4395
3896,4396
3897,4397
3898,4398
3899,4399
3900,4400
3901,4401
3902,4402
3903,4403
3904,4404
3905,4405
3906,4406
3907,4407
3908,4408
3909,4409
3910,4410
3911,4411
3912,4412
3913,4413
3914,4414
3915,4415
3916,4416
3917,4417
3918,4418
3919,4419
3920,4420
3921,4421
3922,4422
3923,4423
3924,4424
3925,4425
3926,4426
3927,4427
3928,4428
3929,4429
3930,4430
3931,4431
3932,4432
3933,4433
3934,4434
3935,4435
3936,4436
3937,4437
3938,4438
3939,4439
3940,4440
3941,4441
3942,4442
3943,4443
3944,4444
3945,4445
3946,4446
3947,4447
3948,4448
3949,4449
3950,4450
3951,4451
3952,4452
3953,4453
3954,4454
3955,4455
3956,4456
3957,4457
3958,4458
3959,4459
3960,4460
3961,4461
3962,4462
3963,4463
3964,4464
3965,4465
3966,4466
3967,4467
3968,4468
3969,4469
3970,4470
3971,4471
3972,4472
3973,4473
3974,4474
3975,4475
3976,4476
3977,4477
3978,4478
3979,4479
3980,4480
3981,4481
3982,4482
3983,4483
3984,4484
3985,4485
3986,4486
3987,4487
3988,4488
3989,4489
3990,4490
3991,4491
3992,4492
3993,4493
3994,4494
3995,4495
3996,4496
3997,4497
3998,4498
3999,4499
4000,4500
4001,4501
4002,4502
4003,4503
4004,4504
4005,4505
4006,4506
4007,4507
4008,4508
4009,4509
4010,4510
4011,4511
4012,4512
4013,4513
4014,4514
4015,4515
4016,4516
4017,4517
4018,4518
4019,4519
4020,4520
4021,4521
4022,4522
4023,4523
4024,4524
4025,4525
4026,4526
4027,4527
4028,4528
4029,4529
4030,4530
4031,4531
4032,4532
4033,4533
4034,4534
4035,4535
4036,4536
4037,4537
4038,4538
4039,4539
4040,4540
4041,4541
4042,4542
4043,4543
4044,4544
4045,4545
4046,4546
4047,4547
4048,4548
4049,4549
4050,4550
4051,4551
4052,4552
4053,4553
4054,4554
4055,4555
4056,4556
4057,4557
4058,4558
4059,4559
4060,4560
4061,4561
4062,4562
4063,4563
4064,4564
4065,4565
4066,4566
4067,4567
4068,4568
4069,4569
4070,4570
4071,4571
4072,4572
4073,4573
4074,4574
4075,4575
4076,4576
4077,4577
4078,4578
4079,4579
4080,4580
4081,4581
4082,4582
4083,4583
4084,4584
4085,4585
4086,4586
4087,4587
4088,4588
4089,4589
4090,4590
4091,4591
4092,4592
4093,4593
4094,4594
4095,4595
4096,4596
4097,4597
4098,4598
4099,4599
4100,4600
4101,4601
4102,4602
4103,4603
4104,4604
4105,4605
4106,4606
4107,4607
4108,4608
4109,4609
4110,4610
4111,4611
4112,4612
4113,4613
4114,4614
4115,4615
4116,4616
4117,4617
4118,4618
4119,4619
4120,4620
4121,4621
4122,4622
4123,4623
4124,4624
4125,4625
4126,4626
4127,4627
4128,4628
4129,4629
4130,4630
4131,4631
4132,4632
4133,4633
4134,4634
4135,4635
4136,4636
4137,4637
4138,4638
4139,4639
4140,4640
4141,4641
4142,4642
4143,4643
4144,4644
4145,4645
4146,4646
4147,4647
4148,4648
4149,4649
4150,4650
4151,4651
4152,4652
4153,4653
4154,4654
4155,4655
4156,4656
4157,4657
4158,4658
4159,4659
4160,4660
4161,4661
4162,4662
4163,4663
4164,4664
4165,4665
4166,4666
4167,4667
4168,4668
4169,4669
4170,4670
4171,4671
4172,4672
4173,4673
4174,4674
4175,4675
4176,4676
4177,4677
4178,4678
4179,4679
4180,4680
4181,4681
4182,4682
4183,4683
4184,4684
4185,4685
4186,4686
4187,4687
4188,4688
4189,4689
4190,4690
4191,4691
4192,4692
4193,4693
4194,4694
4195,4695
4196,4696
4197,4697
4198,4698
4199,4699
4200,4700
4201,4701
4202,4702
4203,4703
4204,4704
4205,4705
4206,4706
4207,4707
4208,4708
4209,4709
4210,4710
4211,4711
4212,4712
4213,4713
4214,4714
4215,4715
4216,4716
4217,4717
4218,4718
4219,4719
4220,4720
4221,4721
4222,4722
4223,4723
4224,4724
4225,4725
4226,4726
4227,4727
4228,4728
4229,4729
4230,4730
4231,4731
4232,4732
4233,4733
4234,4734
4235,4735
4236,4736
4237,4737
4238,4738
4239,4739
4240,4740
4241,4741
4242,4742
4243,4743
4244,4744
4245,4745
4246,4746
4247,4747
4248,4748
4249,4749
4250,4750
4251,4751
4252,4752
4253,4753
4254,4754
4255,4755
4256,4756
4257,4757
4258,4758
4259,4759
4260,4760
4261,4761
4262,4762
4263,4763
4264,4764
4265,4765
4266,4766
4267,4767
4268,4768
4269,4769
4270,4770
4271,4771
4272,4772
4273,4773
4274,4774
4275,4775
4276,4776
4277,4777
4278,4778
4279,4779
4280,4780
4281,4781
4282,4782
4283,4783
4284,4784
4285,4785
4286,4786
4287,4787
4288,4788
4289,4789
4290,4790
4291,4791
4292,4792
4293,4793
4294,4794
4295,4795
4296,4796
4297,4797
4298,4798
4299,4799
4300,4800
4301,4801
4302,4802
4303,4803
4304,4804
4305,4805
4306,4806
4307,4807
4308,4808
4309,4809
4310,4810
4311,4811
4312,4812
4313,4813
4314,4814
4315,4815
4316,4816
4317,4817
4318,4818
4319,4819
4320,4820
4321,4821
4322,4822
4323,4823
4324,4824
4325,4825
4326,4826
4327,4827
4328,4828
4329,4829
4330,4830
4331,4831
4332,4832
4333,4833
4334,4834
4335,4835
4336,4836
4337,4837
4338,4838
4339,4839
4340,4840
4341,4841
4342,4842
4343,4843
4344,4844
4345,4845
4346,4846
4347,4847
4348,4848
4349,4849
4350,4850
4351,4851
4352,4852
4353,4853
4354,4854
4355,4855
4356,4856
4357,4857
4358,4858
4359,4859
4360,4860
4361,4861
4362,4862
4363,4863
4364,4864
4365,4865
4366,4866
4367,4867
4368,4868
4369,4869
4370,4870
4371,4871
4372,4872
4373,4873
4374,4874
4375,4875
4376,4876
4377,4877
4378,4878
4379,4879
4380,4880
4381,4881
4382,4882
4383,4883
4384,4884
4385,4885
4386,4886
4387,4887
4388,4888
4389,4889
4390,4890
4391,4891
4392,4892
4393,4893
4394,4894
4395,4895
4396,4896
4397,4897
4398,4898
4399,4899
4400,4900
4401,4901
4402,4902
4403,4903
4404,4904
4405,4905
4406,4906
4407,4907
4408,4908
4409,4909
4410,4910
4411,4911
4412,4912
4413,4913
4414,4914
4415,4915
4416,4916
4417,4917
4418,4918
4419,4919
4420,4920
4421,4921
4422,4922
4423,4923
4424,4924
4425,4925
4426,4926
4427,4927
4428,4928
4429,4929
4430,4930
4431,4931
4432,4932
4433,4933
4434,4934
4435,4935
4436,4936
4437,4937
4438,4938
4439,4939
4440,4940
4441,4941
4442,4942
4443,4943
4444,4944
4445,4945
4446,4946
4447,4947
4448,4948
4449,4949
4450,4950
4451,4951
4452,4952
4453,4953
4454,4954
4455,4955
4456,4956
4457,4957
4458,4958
4459,4959
4460,4960
4461,4961
4462,4962
4463,4963
4464,4964
4465,4965
4466,4966
4467,4967
4468,4968
4469,4969
4470,4970
4471,4971
4472,4972
4473,4973
4474,4974
4475,4975
4476,4976
4477,4977
4478,4978
4479,4979
4480,4980
4481,4981
4482,4982
4483,4983
4484,4984
4485,4985
4486,4986
4487,4987
4488,4988
4489,4989
4490,4990
4491,4991
4492,4992
4493,4993
4494,4994
4495,4995
4496,4996
4497,4997
4498,4998
4499,4999
4500,5000
4501,5001
4502,5002
4503,5003
4504,5004
4505,5005
4506,5006
4507,5007
4508,5008
4509,5009
4510,5010
4511,5011
4512,5012
4513,5013
4514,5014
4515,5015
4516,5016
4517,5017
4518,5018
4519,5019
4520,5020
4521,5021
4522,5022
4523,5023
4524,5024
4525,5025
4526,5026
4527,5027
4528,5028
4529,5029
4530,5030
4531,5031
4532,5032
4533,5033
4534,5034
4535,5035
4536,5036
4537,5037
4538,5038
4539,5039
4540,5040
4541,5041
4542,5042
4543,5043
4544,5044
4545,5045
4546,5046
4547,5047
4548,5048
4549,5049
4550,5050
4551,5051
4552,5052
4553,5053
4554,5054
4555,5055
4556,5056
4557,5057
4558,5058
4559,5059
4560,5060
4561,5061
4562,5062
4563,5063
4564,5064
4565,5065
4566,5066
4567,5067
4568,5068
4569,5069
4570,5070
4571,5071
4572,5072
4573,5073
4574,5074
4575,5075
4576,5076
4577,5077
4578,5078
4579,5079
4580,5080
4581,5081
4582,5082
4583,5083
4584,5084
4585,5085
4586,5086
4587,5087
4588,5088
4589,5089
4590,5090
4591,5091
4592,5092
4593,5093
4594,5094
4595,5095
4596,5096
4597,5097
4598,5098
4599,5099
4600,5100
4601,5101
4602,5102
4603,5103
4604,5104
4605,5105
4606,5106
4607,5107
4608,5108
4609,5109
4610,5110
4611,5111
4612,5112
4613,5113
4614,5114
4615,5115
4616,5116
4617,5117
4618,5118
4619,5119
4620,5120
4621,5121
4622,5122
4623,5123
4624,5124
4625,5125
4626,5126
4627,5127
4628,5128
4629,5129
4630,5130
4631,5131
4632,5132
4633,5133
4634,5134
4635,5135
4636,5136
4637,5137
4638,5138
4639,5139
4640,5140
4641,5141
4642,5142
4643,5143
4644,5144
4645,5145
4646,5146
4647,5147
4648,5148
4649,5149
4650,5150
4651,5151
4652,5152
4653,5153
4654,5154
4655,5155
4656,5156
4657,5157
4658,5158
4659,5159
4660,5160
4661,5161
4662,5162
4663,5163
4664,5164
4665,5165
4666,5166
4667,5167
4668,5168
4669,5169
4670,5170
4671,5171
4672,5172
4673,5173
4674,5174
4675,5175
4676,5176
4677,5177
4678,5178
4679,5179
4680,5180
4681,5181
4682,5182
4683,5183
4684,5184
4685,5185
4686,5186
4687,5187
4688,5188
4689,5189
4690,5190
4691,5191
4692,5192
4693,5193
4694,5194
4695,5195
4696,5196
4697,5197
4698,5198
4699,5199
4700,5200
4701,5201
4702,5202
4703,5203
4704,5204
4705,5205
4706,5206
4707,5207
4708,5208
4709,5209
4710,5210
4711,5211
4712,5212
4713,5213
4714,5214
4715,5215
4716,5216
4717,5217
4718,5218
4719,5219
4720,5220
4721,5221
4722,5222
4723,5223
4724,5224
4725,5225
4726,5226
4727,5227
4728,5228
4729,5229
4730,5230
4731,5231
4732,5232
4733,5233
4734,5234
4735,5235
4736,5236
4737,5237
4738,5238
4739,5239
4740,5240
4741,5241
4742,5242
4743,5243
4744,5244
4745,5245
4746,5246
4747,5247
4748,5248
4749,5249
4750,5250
4751,5251
4752,5252
4753,5253
4754,5254
4755,5255
4756,5256
4757,5257
4758,5258
4759,5259
4760,5260
4761,5261
4762,5262
4763,5263
4764,5264
4765,5265
4766,5266
4767,5267
4768,5268
4769,5269
4770,5270
4771,5271
4772,5272
4773,5273
4774,5274
4775,5275
4776,5276
4777,5277
4778,5278
4779,5279
4780,5280
4781,5281
4782,5282
4783,5283
4784,5284
4785,5285
4786,5286
4787,5287
4788,5288
4789,5289
4790,5290
4791,5291
4792,5292
4793,5293
4794,5294
4795,5295
4796,5296
4797,5297
4798,5298
4799,5299
4800,5300
4801,5301
4802,5302
4803,5303
4804,5304
4805,5305
4806,5306
4807,5307
4808,5308
4809,5309
4810,5310
4811,5311
4812,5312
4813,5313
4814,5314
4815,5315
4816,5316
4817,5317
4818,5318
4819,5319
4820,5320
4821,5321
4822,5322
4823,5323
4824,5324
4825,5325
4826,5326
4827,5327
4828,5328
4829,5329
4830,5330
4831,5331
4832,5332
4833,5333
4834,5334
4835,5335
4836,5336
4837,5337
4838,5338
4839,5339
4840,5340
4841,5341
4842,5342
4843,5343
4844,5344
4845,5345
4846,5346
4847,5347
4848,5348
4849,5349
4850,5350
4851,5351
4852,5352
4853,5353
4854,5354
4855,5355
4856,5356
4857,5357
4858,5358
4859,5359
4860,5360
4861,5361
4862,5362
4863,5363
4864,5364
4865,5365
4866,5366
4867,5367
4868,5368
4869,5369
4870,5370
4871,5371
4872,5372
4873,5373
4874,5374
4875,5375
4876,5376
4877,5377
4878,5378
4879,5379
4880,5380
4881,5381
4882,5382
4883,5383
4884,5384
4885,5385
4886,5386
4887,5387
4888,5388
4889,5389
4890,5390
4891,5391
4892,5392
4893,5393
4894,5394
4895,5395
4896,5396
4897,5397
4898,5398
4899,5399
4900,5400
4901,5401
4902,5402
4903,5403
4904,5404
4905,5405
4906,5406
4907,5407
4908,5408
4909,5409
4910,5410
4911,5411
4912,5412
4913,5413
4914,5414
4915,5415
4916,5416
4917,5417
4918,5418
4919,5419
4920,5420
4921,5421
4922,5422
4923,5423
4924,5424
4925,5425
4926,5426
4927,5427
4928,5428
4929,5429
4930,5430
4931,5431
4932,5432
4933,5433
4934,5434
4935,5435
4936,5436
4937,5437
4938,5438
4939,5439
4940,5440
4941,5441
4942,5442
4943,5443
4944,5444
4945,5445
4946,5446
4947,5447
4948,5448
4949,5449
4950,5450
4951,5451
4952,5452
4953,5453
4954,5454
4955,5455
4956,5456
4957,5457
4958,5458
4959,5459
4960,5460
4961,5461
4962,5462
4963,5463
4964,5464
4965,5465
4966,5466
4967,5467
4968,5468
4969,5469
4970,5470
4971,5471
4972,5472
4973,5473
4974,5474
4975,5475
4976,5476
4977,5477
4978,5478
4979,5479
4980,5480
4981,5481
4982,5482
4983,5483
4984,5484
4985,5485
4986,5486
4987,5487
4988,5488
4989,5489
4990,5490
4991,5491
4992,5492
4993,5493
4994,5494
4995,5495
4996,5496
4997,5497
4998,5498
4999,5499
5000,5500
5001,5501
5002,5502
5003,5503
5004,5504
5005,5505
5006,5506
5007,5507
5008,5508
5009,5509
5010,5510
5011,5511
5012,5512
5013,5513
5014,5514
5015,5515
5016,5516
5017,5517
5018,5518
5019,5519
5020,5520
5021,5521
5022,5522
5023,5523
5024,5524
5025,5525
5026,5526
5027,5527
5028,5528
5029,5529
5030,5530
5031,5531
5032,5532
5033,5533
5034,5534
5035,5535
5036,5536
5037,5537
5038,5538
5039,5539
5040,5540
5041,5541
5042,5542
5043,5543
5044,5544
5045,5545
5046,5546
5047,5547
5048,5548
5049,5549
5050,5550
5051,5551
5052,5552
5053,5553
5054,5554
5055,5555
5056,5556
5057,5557
5058,5558
5059,5559
5060,5560
5061,5561
5062,5562
5063,5563
5064,5564
5065,5565
5066,5566
5067,5567
5068,5568
5069,5569
5070,5570
5071,5571
5072,5572
5073,5573
5074,5574
5075,5575
5076,5576
5077,5577
5078,5578
5079,5579
5080,5580
5081,5581
5082,5582
5083,5583
5084,5584
5085,5585
5086,5586
5087,5587
5088,5588
5089,5589
5090,5590
5091,5591
5092,5592
5093,5593
5094,5594
5095,5595
5096,5596
5097,5597
5098,5598
5099,5599
5100,5600
5101,5601
5102,5602
5103,5603
5104,5604
5105,5605
5106,5606
5107,5607
5108,5608
5109,5609
5110,5610
5111,5611
5112,5612
5113,5613
5114,5614
5115,5615
5116,5616
5117,5617
5118,5618
5119,5619
5120,5620
5121,5621
5122,5622
5123,5623
5124,5624
5125,5625
5126,5626
5127,5627
5128,5628
5129,5629
5130,5630
5131,5631
5132,5632
5133,5633
5134,5634
5135,5635
5136,5636
5137,5637
5138,5638
5139,5639
5140,5640
5141,5641
5142,5642
5143,5643
5144,5644
5145,5645
5146,5646
5147,5647
5148,5648
5149,5649
5150,5650
5151,5651
5152,5652
5153,5653
5154,5654
5155,5655
5156,5656
5157,5657
5158,5658
5159,5659
5160,5660
5161,5661
5162,5662
5163,5663
5164,5664
5165,5665
5166,5666
5167,5667
5168,5668
5169,5669
5170,5670
5171,5671
5172,5672
5173,5673
5174,5674
5175,5675
5176,5676
5177,5677
5178,5678
5179,5679
5180,5680
5181,5681
5182,5682
5183,5683
5184,5684
5185,5685
5186,5686
5187,5687
5188,5688
5189,5689
5190,5690
5191,5691
5192,5692
5193,5693
5194,5694
5195,5695
5196,5696
5197,5697
5198,5698
5199,5699
5200,5700
5201,5701
5202,5702
5203,5703
5204,5704
5205,5705
5206,5706
5207,5707
5208,5708
5209,5709
5210,5710
5211,5711
5212,5712
5213,5713
5214,5714
5215,5715
5216,5716
5217,5717
5218,5718
5219,5719
5220,5720
5221,5721
5222,5722
5223,5723
5224,5724
5225,5725
5226,5726
5227,5727
5228,5728
5229,5729
5230,5730
5231,5731
5232,5732
5233,5733
5234,5734
5235,5735
5236,5736
5237,5737
5238,5738
5239,5739
5240,5740
5241,5741
5242,5742
5243,5743
5244,5744
5245,5745
5246,5746
5247,5747
5248,5748
5249,5749
5250,5750
5251,5751
5252,5752
5253,5753
5254,5754
5255,5755
5256,5756
5257,5757
5258,5758
5259,5759
5260,5760
5261,5761
5262,5762
5263,5763
5264,5764
5265,5765
5266,5766
5267,5767
5268,5768
5269,5769
5270,5770
5271,5771
5272,5772
5273,5773
5274,5774
5275,5775
5276,5776
5277,5777
5278,5778
5279,5779
5280,5780
5281,5781
5282,5782
5283,5783
5284,5784
5285,5785
5286,5786
5287,5787
5288,5788
5289,5789
5290,5790
5291,5791
5292,5792
5293,5793
5294,5794
5295,5795
5296,5796
5297,5797
5298,5798
5299,5799
5300,5800
5301,5801
5302,5802
5303,5803
5304,5804
5305,5805
5306,5806
5307,5807
5308,5808
5309,5809
5310,5810
5311,5811
5312,5812
5313,5813
5314,5814
5315,5815
5316,5816
5317,5817
5318,5818
5319,5819
5320,5820
5321,5821
5322,5822
5323,5823
5324,5824
5325,5825
5326,5826
5327,5827
5328,5828
5329,5829
5330,5830
5331,5831
5332,5832
5333,5833
5334,5834
5335,5835
5336,5836
5337,5837
5338,5838
5339,5839
5340,5840
5341,5841
5342,5842
5343,5843
5344,5844
5345,5845
5346,5846
5347,5847
5348,5848
5349,5849
5350,5850
5351,5851
5352,5852
5353,5853
5354,5854
5355,5855
5356,5856
5357,5857
5358,5858
5359,5859
5360,5860
5361,5861
5362,5862
5363,5863
5364,5864
5365,5865
5366,5866
5367,5867
5368,5868
5369,5869
5370,5870
5371,5871
5372,5872
5373,5873
5374,5874
5375,5875
5376,5876
5377,5877
5378,5878
5379,5879
5380,5880
5381,5881
5382,5882
5383,5883
5384,5884
5385,5885
5386,5886
5387,5887
5388,5888
5389,5889
5390,5890
5391,5891
5392,5892
5393,5893
5394,5894
5395,5895
5396,5896
5397,5897
5398,5898
5399,5899
5400,5900
5401,5901
5402,5902
5403,5903
5404,5904
5405,5905
5406,5906
5407,5907
5408,5908
5409,5909
5410,5910
5411,5911
5412,5912
5413,5913
5414,5914
5415,5915
5416,5916
5417,5917
5418,5918
5419,5919
5420,5920
5421,5921
5422,5922
5423,5923
5424,5924
5425,5925
5426,5926
5427,5927
5428,5928
5429,5929
5430,5930
5431,5931
5432,5932
5433,5933
5434,5934
5435,5935
5436,5936
5437,5937
5438,5938
5439,5939
5440,5940
5441,5941
5442,5942
5443,5943
5444,5944
5445,5945
5446,5946
5447,5947
5448,5948
5449,5949
5450,5950
5451,5951
5452,5952
5453,5953
5454,5954
5455,5955
5456,5956
5457,5957
5458,5958
5459,5959
5460,5960
5461,5961
5462,5962
5463,5963
5464,5964
5465,5965
5466,5966
5467,5967
5468,5968
5469,5969
5470,5970
5471,5971
5472,5972
5473,5973
5474,5974
5475,5975
5476,5976
5477,5977
5478,5978
5479,5979
5480,5980
5481,5981
5482,5982
5483,5983
5484,5984
5485,5985
5486,5986
5487,5987
5488,5988
5489,5989
5490,5990
5491,5991
5492,5992
5493,5993
5494,5994
5495,5995
5496,5996
5497,5997
5498,5998
5499,5999
5500,6000
5501,6001
5502,6002
5503,6003
5504,6004
5505,6005
5506,6006
5507,6007
5508,6008
5509,6009
5510,6010
5511,6011
5512,6012
5513,6013
5514,6014
5515,6015
5516,6016
5517,6017
5518,6018
5519,6019
5520,6020
5521,6021
5522,6022
5523,6023
5524,6024
5525,6025
5526,6026
5527,6027
5528,6028
5529,6029
5530,6030
5531,6031
5532,6032
5533,6033
5534,6034
5535,6035
5536,6036
5537,6037
5538,6038
5539,6039
5540,6040
5541,6041
5542,6042
5543,6043
5544,6044
5545,6045
5546,6046
5547,6047
5548,6048
5549,6049
5550,6050
5551,6051
5552,6052
5553,6053
5554,6054
5555,6055
5556,6056
5557,6057
5558,6058
5559,6059
5560,6060
5561,6061
5562,6062
5563,6063
5564,6064
5565,6065
5566,6066
5567,6067
5568,6068
5569,6069
5570,6070
5571,6071
5572,6072
5573,6073
5574,6074
5575,6075
5576,6076
5577,6077
5578,6078
5579,6079
5580,6080
5581,6081
5582,6082
5583,6083
5584,6084
5585,6085
5586,6086
5587,6087
5588,6088
5589,6089
5590,6090
5591,6091
5592,6092
5593,6093
5594,6094
5595,6095
5596,6096
5597,6097
5598,6098
5599,6099
5600,6100
5601,6101
5602,6102
5603,6103
5604,6104
5605,6105
5606,6106
5607,6107
5608,6108
5609,6109
5610,6110
5611,6111
5612,6112
5613,6113
5614,6114
5615,6115
5616,6116
5617,6117
5618,6118
5619,6119
5620,6120
5621,6121
5622,6122
5623,6123
5624,6124
5625,6125
5626,6126
5627,6127
5628,6128
5629,6129
5630,6130
5631,6131
5632,6132
5633,6133
5634,6134
5635,6135
5636,6136
5637,6137
5638,6138
5639,6139
5640,6140
5641,6141
5642,6142
5643,6143
5644,6144
5645,6145
5646,6146
5647,6147
5648,6148
5649,6149
5650,6150
5651,6151
5652,6152
5653,6153
5654,6154
5655,6155
5656,6156
5657,6157
5658,6158
5659,6159
5660,6160
5661,6161
5662,6162
5663,6163
5664,6164
5665,6165
5666,6166
5667,6167
5668,6168
5669,6169
5670,6170
5671,6171
5672,6172
5673,6173
5674,6174
5675,6175
5676,6176
5677,6177
5678,6178
5679,6179
5680,6180
5681,6181
5682,6182
5683,6183
5684,6184
5685,6185
5686,6186
5687,6187
5688,6188
5689,6189
5690,6190
5691,6191
5692,6192
5693,6193
5694,6194
5695,6195
5696,6196
5697,6197
5698,6198
5699,6199
5700,6200
5701,6201
5702,6202
5703,6203
5704,6204
5705,6205
5706,6206
5707,6207
5708,6208
5709,6209
5710,6210
5711,6211
5712,6212
5713,6213
5714,6214
5715,6215
5716,6216
5717,6217
5718,6218
5719,6219
5720,6220
5721,6221
5722,6222
5723,6223
5724,6224
5725,6225
5726,6226
5727,6227
5728,6228
5729,6229
5730,6230
5731,6231
5732,6232
5733,6233
5734,6234
5735,6235
5736,6236
5737,6237
5738,6238
5739,6239
5740,6240
5741,6241
5742,6242
5743,6243
5744,6244
5745,6245
5746,6246
5747,6247
5748,6248
5749,6249
5750,6250
5751,6251
5752,6252
5753,6253
5754,6254
5755,6255
5756,6256
5757,6257
5758,6258
5759,6259
5760,6260
5761,6261
5762,6262
5763,6263
5764,6264
5765,6265
5766,6266
5767,6267
5768,6268
5769,6269
5770,6270
5771,6271
5772,6272
5773,6273
5774,6274
5775,6275
5776,6276
5777,6277
5778,6278
5779,6279
5780,6280
5781,6281
5782,6282
5783,6283
5784,6284
5785,6285
5786,6286
5787,6287
5788,6288
5789,6289
5790,6290
5791,6291
5792,6292
5793,6293
5794,6294
5795,6295
5796,6296
5797,6297
5798,6298
5799,6299
5800,6300
5801,6301
5802,6302
5803,6303
5804,6304
5805,6305
5806,6306
5807,6307
5808,6308
5809,6309
5810,6310
5811,6311
5812,6312
5813,6313
5814,6314
5815,6315
5816,6316
5817,6317
5818,6318
5819,6319
5820,6320
5821,6321
5822,6322
5823,6323
5824,6324
5825,6325
5826,6326
5827,6327
5828,6328
5829,6329
5830,6330
5831,6331
5832,6332
5833,6333
5834,6334
5835,6335
5836,6336
5837,6337
5838,6338
5839,6339
5840,6340
5841,6341
5842,6342
5843,6343
5844,6344
5845,6345
5846,6346
5847,6347
5848,6348
5849,6349
5850,6350
5851,6351
5852,6352
5853,6353
5854,6354
5855,6355
5856,6356
5857,6357
5858,6358
5859,6359
5860,6360
5861,6361
5862,6362
5863,6363
5864,6364
5865,6365
5866,6366
5867,6367
5868,6368
5869,6369
5870,6370
5871,6371
5872,6372
5873,6373
5874,6374
5875,6375
5876,6376
5877,6377
5878,6378
5879,6379
5880,6380
5881,6381
5882,6382
5883,6383
5884,6384
5885,6385
5886,6386
5887,6387
5888,6388
5889,6389
5890,6390
5891,6391
5892,6392
5893,6393
5894,6394
5895,6395
5896,6396
5897,6397
5898,6398
5899,6399
5900,6400
5901,6401
5902,6402
5903,6403
5904,6404
5905,6405
5906,6406
5907,6407
5908,6408
5909,6409
5910,6410
5911,6411
5912,6412
5913,6413
5914,6414
5915,6415
5916,6416
5917,6417
5918,6418
5919,6419
5920,6420
5921,6421
5922,6422
5923,6423
5924,6424
5925,6425
5926,6426
5927,6427
5928,6428
5929,6429
5930,6430
5931,6431
5932,6432
5933,6433
5934,6434
5935,6435
5936,6436
5937,6437
5938,6438
5939,6439
5940,6440
5941,6441
5942,6442
5943,6443
5944,6444
5945,6445
5946,6446
5947,6447
5948,6448
5949,6449
5950,6450
5951,6451
5952,6452
5953,6453
5954,6454
5955,6455
5956,6456
5957,6457
5958,6458
5959,6459
5960,6460
5961,6461
5962,6462
5963,6463
5964,6464
5965,6465
5966,6466
5967,6467
5968,6468
5969,6469
5970,6470
5971,6471
5972,6472
5973,6473
5974,6474
5975,6475
5976,6476
5977,6477
5978,6478
5979,6479
5980,6480
5981,6481
5982,6482
5983,6483
5984,6484
5985,6485
5986,6486
5987,6487
5988,6488
5989,6489
5990,6490
5991,6491
5992,6492
5993,6493
5994,6494
5995,6495
5996,6496
5997,6497
5998,6498
5999,6499
6000,6500
6001,6501
6002,6502
6003,6503
6004,6504
6005,6505
6006,6506
6007,6507
6008,6508
6009,6509
6010,6510
6011,6511
6012,6512
6013,6513
6014,6514
6015,6515
6016,6516
6017,6517
6018,6518
6019,6519
6020,6520
6021,6521
6022,6522
6023,6523
6024,6524
6025,6525
6026,6526
6027,6527
6028,6528
6029,6529
6030,6530
6031,6531
6032,6532
6033,6533
6034,6534
6035,6535
6036,6536
6037,6537
6038,6538
6039,6539
6040,6540
6041,6541
6042,6542
6043,6543
6044,6544
6045,6545
6046,6546
6047,6547
6048,6548
6049,6549
6050,6550
6051,6551
6052,6552
6053,6553
6054,6554
6055,6555
6056,6556
6057,6557
6058,6558
6059,6559
6060,6560
6061,6561
6062,6562
6063,6563
6064,6564
6065,6565
6066,6566
6067,6567
6068,6568
6069,6569
6070,6570
6071,6571
6072,6572
6073,6573
6074,6574
6075,6575
6076,6576
6077,6577
6078,6578
6079,6579
6080,6580
6081,6581
6082,6582
6083,6583
6084,6584
6085,6585
6086,6586
6087,6587
6088,6588
6089,6589
6090,6590
6091,6591
6092,6592
6093,6593
6094,6594
6095,6595
6096,6596
6097,6597
6098,6598
6099,6599
6100,6600
6101,6601
6102,6602
6103,6603
6104,6604
6105,6605
6106,6606
6107,6607
6108,6608
6109,6609
6110,6610
6111,6611
6112,6612
6113,6613
6114,6614
6115,6615
6116,6616
6117,6617
6118,6618
6119,6619
6120,6620
6121,6621
6122,6622
6123,6623
6124,6624
6125,6625
6126,6626
6127,6627
6128,6628
6129,6629
6130,6630
6131,6631
6132,6632
6133,6633
6134,6634
6135,6635
6136,6636
6137,6637
6138,6638
6139,6639
6140,6640
6141,6641
6142,6642
6143,6643
6144,6644
6145,6645
6146,6646
6147,6647
6148,6648
6149,6649
6150,6650
6151,6651
6152,6652
6153,6653
6154,6654
6155,6655
6156,6656
6157,6657
6158,6658
6159,6659
6160,6660
6161,6661
6162,6662
6163,6663
6164,6664
6165,6665
6166,6666
6167,6667
6168,6668
6169,6669
6170,6670
6171,6671
6172,6672
6173,6673
6174,6674
6175,6675
6176,6676
6177,6677
6178,6678
6179,6679
6180,6680
6181,6681
6182,6682
6183,6683
6184,6684
6185,6685
6186,6686
6187,6687
6188,6688
6189,6689
6190,6690
6191,6691
6192,6692
6193,6693
6194,6694
6195,6695
6196,6696
6197,6697
6198,6698
6199,6699
6200,6700
6201,6701
6202,6702
6203,6703
6204,6704
6205,6705
6206,6706
6207,6707
6208,6708
6209,6709
6210,6710
6211,6711
6212,6712
6213,6713
6214,6714
6215,6715
6216,6716
6217,6717
6218,6718
6219,6719
6220,6720
6221,6721
6222,6722
6223,6723
6224,6724
6225,6725
6226,6726
6227,6727
6228,6728
6229,6729
6230,6730
6231,6731
6232,6732
6233,6733
6234,6734
6235,6735
6236,6736
6237,6737
6238,6738
6239,6739
6240,6740
6241,6741
6242,6742
6243,6743
6244,6744
6245,6745
6246,6746
6247,6747
6248,6748
6249,6749
6250,6750
6251,6751
6252,6752
6253,6753
6254,6754
6255,6755
6256,6756
6257,6757
6258,6758
6259,6759
6260,6760
6261,6761
6262,6762
6263,6763
6264,6764
6265,6765
6266,6766
6267,6767
6268,6768
6269,6769
6270,6770
6271,6771
6272,6772
6273,6773
6274,6774
6275,6775
6276,6776
6277,6777
6278,6778
6279,6779
6280,6780
6281,6781
6282,6782
6283,6783
6284,6784
6285,6785
6286,6786
6287,6787
6288,6788
6289,6789
6290,6790
6291,6791
6292,6792
6293,6793
6294,6794
6295,6795
6296,6796
6297,6797
6298,6798
6299,6799
6300,6800
6301,6801
6302,6802
6303,6803
6304,6804
6305,6805
6306,6806
6307,6807
6308,6808
6309,6809
6310,6810
6311,6811
6312,6812
6313,6813
6314,6814
6315,6815
6316,6816
6317,6817
6318,6818
6319,6819
6320,6820
6321,6821
6322,6822
6323,6823
6324,6824
6325,6825
6326,6826
6327,6827
6328,6828
6329,6829
6330,6830
6331,6831
6332,6832
6333,6833
6334,6834
6335,6835
6336,6836
6337,6837
6338,6838
6339,6839
6340,6840
6341,6841
6342,6842
6343,6843
6344,6844
6345,6845
6346,6846
6347,6847
6348,6848
6349,6849
6350,6850
6351,6851
6352,6852
6353,6853
6354,6854
6355,6855
6356,6856
6357,6857
6358,6858
6359,6859
6360,6860
6361,6861
6362,6862
6363,6863
6364,6864
6365,6865
6366,6866
6367,6867
6368,6868
6369,6869
6370,6870
6371,6871
6372,6872
6373,6873
6374,6874
6375,6875
6376,6876
6377,6877
6378,6878
6379,6879
6380,6880
6381,6881
6382,6882
6383,6883
6384,6884
6385,6885
6386,6886
6387,6887
6388,6888
6389,6889
6390,6890
6391,6891
6392,6892
6393,6893
6394,6894
6395,6895
6396,6896
6397,6897
6398,6898
6399,6899
6400,6900
6401,6901
6402,6902
6403,6903
6404,6904
6405,6905
6406,6906
6407,6907
6408,6908
6409,6909
6410,6910
6411,6911
6412,6912
6413,6913
6414,6914
6415,6915
6416,6916
6417,6917
6418,6918
6419,6919
6420,6920
6421,6921
6422,6922
6423,6923
6424,6924
6425,6925
6426,6926
6427,6927
6428,6928
6429,6929
6430,6930
6431,6931
6432,6932
6433,6933
6434,6934
6435,6935
6436,6936
6437,6937
6438,6938
6439,6939
6440,6940
6441,6941
6442,6942
6443,6943
6444,6944
6445,6945
6446,6946
6447,6947
6448,6948
6449,6949
6450,6950
6451,6951
6452,6952
6453,6953
6454,6954
6455,6955
6456,6956
6457,6957
6458,6958
6459,6959
6460,6960
6461,6961
6462,6962
6463,6963
6464,6964
6465,6965
6466,6966
6467,6967
6468,6968
6469,6969
6470,6970
6471,6971
6472,6972
6473,6973
6474,6974
6475,6975
6476,6976
6477,6977
6478,6978
6479,6979
6480,6980
6481,6981
6482,6982
6483,6983
6484,6984
6485,6985
6486,6986
6487,6987
6488,6988
6489,6989
6490,6990
6491,6991
6492,6992
6493,6993
6494,6994
6495,6995
6496,6996
6497,6997
6498,6998
6499,6999
6500,7000
6501,7001
6502,7002
6503,7003
6504,7004
6505,7005
6506,7006
6507,7007
6508,7008
6509,7009
6510,7010
6511,7011
6512,7012
6513,7013
6514,7014
6515,7015
6516,7016
6517,7017
6518,7018
6519,7019
6520,7020
6521,7021
6522,7022
6523,7023
6524,7024
6525,7025
6526,7026
6527,7027
6528,7028
6529,7029
6530,7030
6531,7031
6532,7032
6533,7033
6534,7034
6535,7035
6536,7036
6537,7037
6538,7038
6539,7039
6540,7040
6541,7041
6542,7042
6543,7043
6544,7044
6545,7045
6546,7046
6547,7047
6548,7048
6549,7049
6550,7050
6551,7051
6552,7052
6553,7053
6554,7054
6555,7055
6556,7056
6557,7057
6558,7058
6559,7059
6560,7060
6561,7061
6562,7062
6563,7063
6564,7064
6565,7065
6566,7066
6567,7067
6568,7068
6569,7069
6570,7070
6571,7071
6572,7072
6573,7073
6574,7074
6575,7075
6576,7076
6577,7077
6578,7078
6579,7079
6580,7080
6581,7081
6582,7082
6583,7083
6584,7084
6585,7085
6586,7086
6587,7087
6588,7088
6589,7089
6590,7090
6591,7091
6592,7092
6593,7093
6594,7094
6595,7095
6596,7096
6597,7097
6598,7098
6599,7099
6600,7100
6601,7101
6602,7102
6603,7103
6604,7104
6605,7105
6606,7106
6607,7107
6608,7108
6609,7109
6610,7110
6611,7111
6612,7112
6613,7113
6614,7114
6615,7115
6616,7116
6617,7117
6618,7118
6619,7119
6620,7120
6621,7121
6622,7122
6623,7123
6624,7124
6625,7125
6626,7126
6627,7127
6628,7128
6629,7129
6630,7130
6631,7131
6632,7132
6633,7133
6634,7134
6635,7135
6636,7136
6637,7137
6638,7138
6639,7139
6640,7140
6641,7141
6642,7142
6643,7143
6644,7144
6645,7145
6646,7146
6647,7147
6648,7148
6649,7149
6650,7150
6651,7151
6652,7152
6653,7153
6654,7154
6655,7155
6656,7156
6657,7157
6658,7158
6659,7159
6660,7160
6661,7161
6662,7162
6663,7163
6664,7164
6665,7165
6666,7166
6667,7167
6668,7168
6669,7169
6670,7170
6671,7171
6672,7172
6673,7173
6674,7174
6675,7175
6676,7176
6677,7177
6678,7178
6679,7179
6680,7180
6681,7181
6682,7182
6683,7183
6684,7184
6685,7185
6686,7186
6687,7187
6688,7188
6689,7189
6690,7190
6691,7191
6692,7192
6693,7193
6694,7194
6695,7195
6696,7196
6697,7197
6698,7198
6699,7199
6700,7200
6701,7201
6702,7202
6703,7203
6704,7204
6705,7205
6706,7206
6707,7207
6708,7208
6709,7209
6710,7210
6711,7211
6712,7212
6713,7213
6714,7214
6715,7215
6716,7216
6717,7217
6718,7218
6719,7219
6720,7220
6721,7221
6722,7222
6723,7223
6724,7224
6725,7225
6726,7226
6727,7227
6728,7228
6729,7229
6730,7230
6731,7231
6732,7232
6733,7233
6734,7234
6735,7235
6736,7236
6737,7237
6738,7238
6739,7239
6740,7240
6741,7241
6742,7242
6743,7243
6744,7244
6745,7245
6746,7246
6747,7247
6748,7248
6749,7249
6750,7250
6751,7251
6752,7252
6753,7253
6754,7254
6755,7255
6756,7256
6757,7257
6758,7258
6759,7259
6760,7260
6761,7261
6762,7262
6763,7263
6764,7264
6765,7265
6766,7266
6767,7267
6768,7268
6769,7269
6770,7270
6771,7271
6772,7272
6773,7273
6774,7274
6775,7275
6776,7276
6777,7277
6778,7278
6779,7279
6780,7280
6781,7281
6782,7282
6783,7283
6784,7284
6785,7285
6786,7286
6787,7287
6788,7288
6789,7289
6790,7290
6791,7291
6792,7292
6793,7293
6794,7294
6795,7295
6796,7296
6797,7297
6798,7298
6799,7299
6800,7300
6801,7301
6802,7302
6803,7303
6804,7304
6805,7305
6806,7306
6807,7307
6808,7308
6809,7309
6810,7310
6811,7311
6812,7312
6813,7313
6814,7314
6815,7315
6816,7316
6817,7317
6818,7318
6819,7319
6820,7320
6821,7321
6822,7322
6823,7323
6824,7324
6825,7325
6826,7326
6827,7327
6828,7328
6829,7329
6830,7330
6831,7331
6832,7332
6833,7333
6834,7334
6835,7335
6836,7336
6837,7337
6838,7338
6839,7339
6840,7340
6841,7341
6842,7342
6843,7343
6844,7344
6845,7345
6846,7346
6847,7347
6848,7348
6849,7349
6850,7350
6851,7351
6852,7352
6853,7353
6854,7354
6855,7355
6856,7356
6857,7357
6858,7358
6859,7359
6860,7360
6861,7361
6862,7362
6863,7363
6864,7364
6865,7365
6866,7366
6867,7367
6868,7368
6869,7369
6870,7370
6871,7371
6872,7372
6873,7373
6874,7374
6875,7375
6876,7376
6877,7377
6878,7378
6879,7379
6880,7380
6881,7381
6882,7382
6883,7383
6884,7384
6885,7385
6886,7386
6887,7387
6888,7388
6889,7389
6890,7390
6891,7391
6892,7392
6893,7393
6894,7394
6895,7395
6896,7396
6897,7397
6898,7398
6899,7399
6900,7400
6901,7401
6902,7402
6903,7403
6904,7404
6905,7405
6906,7406
6907,7407
6908,7408
6909,7409
6910,7410
6911,7411
6912,7412
6913,7413
6914,7414
6915,7415
6916,7416
6917,7417
6918,7418
6919,7419
6920,7420
6921,7421
6922,7422
6923,7423
6924,7424
6925,7425
6926,7426
6927,7427
6928,7428
6929,7429
6930,7430
6931,7431
6932,7432
6933,7433
6934,7434
6935,7435
6936,7436
6937,7437
6938,7438
6939,7439
6940,7440
6941,7441
6942,7442
6943,7443
6944,7444
6945,7445
6946,7446
6947,7447
6948,7448
6949,7449
6950,7450
6951,7451
6952,7452
6953,7453
6954,7454
6955,7455
6956,7456
6957,7457
6958,7458
6959,7459
6960,7460
6961,7461
6962,7462
6963,7463
6964,7464
6965,7465
6966,7466
6967,7467
6968,7468
6969,7469
6970,7470
6971,7471
6972,7472
6973,7473
6974,7474
6975,7475
6976,7476
6977,7477
6978,7478
6979,7479
6980,7480
6981,7481
6982,7482
6983,7483
6984,7484
6985,7485
6986,7486
6987,7487
6988,7488
6989,7489
6990,7490
6991,7491
6992,7492
6993,7493
6994,7494
6995,7495
6996,7496
6997,7497
6998,7498
6999,7499
7000,7500
7001,7501
7002,7502
7003,7503
7004,7504
7005,7505
7006,7506
7007,7507
7008,7508
7009,7509
7010,7510
7011,7511
7012,7512
7013,7513
7014,7514
7015,7515
7016,7516
7017,7517
7018,7518
7019,7519
7020,7520
7021,7521
7022,7522
7023,7523
7024,7524
7025,7525
7026,7526
7027,7527
7028,7528
7029,7529
7030,7530
7031,7531
7032,7532
7033,7533
7034,7534
7035,7535
7036,7536
7037,7537
7038,7538
7039,7539
7040,7540
7041,7541
7042,7542
7043,7543
7044,7544
7045,7545
7046,7546
7047,7547
7048,7548
7049,7549
7050,7550
7051,7551
7052,7552
7053,7553
7054,7554
7055,7555
7056,7556
7057,7557
7058,7558
7059,7559
7060,7560
7061,7561
7062,7562
7063,7563
7064,7564
7065,7565
7066,7566
7067,7567
7068,7568
7069,7569
7070,7570
7071,7571
7072,7572
7073,7573
7074,7574
7075,7575
7076,7576
7077,7577
7078,7578
7079,7579
7080,7580
7081,7581
7082,7582
7083,7583
7084,7584
7085,7585
7086,7586
7087,7587
7088,7588
7089,7589
7090,7590
7091,7591
7092,7592
7093,7593
7094,7594
7095,7595
7096,7596
7097,7597
7098,7598
7099,7599
7100,7600
7101,7601
7102,7602
7103,7603
7104,7604
7105,7605
7106,7606
7107,7607
7108,7608
7109,7609
7110,7610
7111,7611
7112,7612
7113,7613
7114,7614
7115,7615
7116,7616
7117,7617
7118,7618
7119,7619
7120,7620
7121,7621
7122,7622
7123,7623
7124,7624
7125,7625
7126,7626
7127,7627
7128,7628
7129,7629
7130,7630
7131,7631
7132,7632
7133,7633
7134,7634
7135,7635
7136,7636
7137,7637
7138,7638
7139,7639
7140,7640
7141,7641
7142,7642
7143,7643
7144,7644
7145,7645
7146,7646
7147,7647
7148,7648
7149,7649
7150,7650
7151,7651
7152,7652
7153,7653
7154,7654
7155,7655
7156,7656
7157,7657
7158,7658
7159,7659
7160,7660
7161,7661
7162,7662
7163,7663
7164,7664
7165,7665
7166,7666
7167,7667
7168,7668
7169,7669
7170,7670
7171,7671
7172,7672
7173,7673
7174,7674
7175,7675
7176,7676
7177,7677
7178,7678
7179,7679
7180,7680
7181,7681
7182,7682
7183,7683
7184,7684
7185,7685
7186,7686
7187,7687
7188,7688
7189,7689
7190,7690
7191,7691
7192,7692
7193,7693
7194,7694
7195,7695
7196,7696
7197,7697
7198,7698
7199,7699
7200,7700
7201,7701
7202,7702
7203,7703
7204,7704
7205,7705
7206,7706
7207,7707
7208,7708
7209,7709
7210,7710
7211,7711
7212,7712
7213,7713
7214,7714
7215,7715
7216,7716
7217,7717
7218,7718
7219,7719
7220,7720
7221,7721
7222,7722
7223,7723
7224,7724
7225,7725
7226,7726
7227,7727
7228,7728
7229,7729
7230,7730
7231,7731
7232,7732
7233,7733
7234,7734
7235,7735
7236,7736
7237,7737
7238,7738
7239,7739
7240,7740
7241,7741
7242,7742
7243,7743
7244,7744
7245,7745
7246,7746
7247,7747
7248,7748
7249,7749
7250,7750
7251,7751
7252,7752
7253,7753
7254,7754
7255,7755
7256,7756
7257,7757
7258,7758
7259,7759
7260,7760
7261,7761
7262,7762
7263,7763
7264,7764
7265,7765
7266,7766
7267,7767
7268,7768
7269,7769
7270,7770
7271,7771
7272,7772
7273,7773
7274,7774
7275,7775
7276,7776
7277,7777
7278,7778
7279,7779
7280,7780
7281,7781
7282,7782
7283,7783
7284,7784
7285,7785
7286,7786
7287,7787
7288,7788
7289,7789
7290,7790
7291,7791
7292,7792
7293,7793
7294,7794
7295,7795
7296,7796
7297,7797
7298,7798
7299,7799
7300,7800
7301,7801
7302,7802
7303,7803
7304,7804
7305,7805
7306,7806
7307,7807
7308,7808
7309,7809
7310,7810
7311,7811
7312,7812
7313,7813
7314,7814
7315,7815
7316,7816
7317,7817
7318,7818
7319,7819
7320,7820
7321,7821
7322,7822
7323,7823
7324,7824
7325,7825
7326,7826
7327,7827
7328,7828
7329,7829
7330,7830
7331,7831
7332,7832
7333,7833
7334,7834
7335,7835
7336,7836
7337,7837
7338,7838
7339,7839
7340,7840
7341,7841
7342,7842
7343,7843
7344,7844
7345,7845
7346,7846
7347,7847
7348,7848
7349,7849
7350,7850
7351,7851
7352,7852
7353,7853
7354,7854
7355,7855
7356,7856
7357,7857
7358,7858
7359,7859
7360,7860
7361,7861
7362,7862
7363,7863
7364,7864
7365,7865
7366,7866
7367,7867
7368,7868
7369,7869
7370,7870
7371,7871
7372,7872
7373,7873
7374,7874
7375,7875
7376,7876
7377,7877
7378,7878
7379,7879
7380,7880
7381,7881
7382,7882
7383,7883
7384,7884
7385,7885
7386,7886
7387,7887
7388,7888
7389,7889
7390,7890
7391,7891
7392,7892
7393,7893
7394,7894
7395,7895
7396,7896
7397,7897
7398,7898
7399,7899
7400,7900
7401,7901
7402,7902
7403,7903
7404,7904
7405,7905
7406,7906
7407,7907
7408,7908
7409,7909
7410,7910
7411,7911
7412,7912
7413,7913
7414,7914
7415,7915
7416,7916
7417,7917
7418,7918
7419,7919
7420,7920
7421,7921
7422,7922
7423,7923
7424,7924
7425,7925
7426,7926
7427,7927
7428,7928
7429,7929
7430,7930
7431,7931
7432,7932
7433,7933
7434,7934
7435,7935
7436,7936
7437,7937
7438,7938
7439,7939
7440,7940
7441,7941
7442,7942
7443,7943
7444,7944
7445,7945
7446,7946
7447,7947
7448,7948
7449,7949
7450,7950
7451,7951
7452,7952
7453,7953
7454,7954
7455,7955
7456,7956
7457,7957
7458,7958
7459,7959
7460,7960
7461,7961
7462,7962
7463,7963
7464,7964
7465,7965
7466,7966
7467,7967
7468,7968
7469,7969
7470,7970
7471,7971
7472,7972
7473,7973
7474,7974
7475,7975
7476,7976
7477,7977
7478,7978
7479,7979
7480,7980
7481,7981
7482,7982
7483,7983
7484,7984
7485,7985
7486,7986
7487,7987
7488,7988
7489,7989
7490,7990
7491,7991
7492,7992
7493,7993
7494,7994
7495,7995
7496,7996
7497,7997
7498,7998
7499,7999
7500,8000
7501,8001
7502,8002
7503,8003
7504,8004
7505,8005
7506,8006
7507,8007
7508,8008
7509,8009
7510,8010
7511,8011
7512,8012
7513,8013
7514,8014
7515,8015
7516,8016
7517,8017
7518,8018
7519,8019
7520,8020
7521,8021
7522,8022
7523,8023
7524,8024
7525,8025
7526,8026
7527,8027
7528,8028
7529,8029
7530,8030
7531,8031
7532,8032
7533,8033
7534,8034
7535,8035
7536,8036
7537,8037
7538,8038
7539,8039
7540,8040
7541,8041
7542,8042
7543,8043
7544,8044
7545,8045
7546,8046
7547,8047
7548,8048
7549,8049
7550,8050
7551,8051
7552,8052
7553,8053
7554,8054
7555,8055
7556,8056
7557,8057
7558,8058
7559,8059
7560,8060
7561,8061
7562,8062
7563,8063
7564,8064
7565,8065
7566,8066
7567,8067
7568,8068
7569,8069
7570,8070
7571,8071
7572,8072
7573,8073
7574,8074
7575,8075
7576,8076
7577,8077
7578,8078
7579,8079
7580,8080
7581,8081
7582,8082
7583,8083
7584,8084
7585,8085
7586,8086
7587,8087
7588,8088
7589,8089
7590,8090
7591,8091
7592,8092
7593,8093
7594,8094
7595,8095
7596,8096
7597,8097
7598,8098
7599,8099
7600,8100
7601,8101
7602,8102
7603,8103
7604,8104
7605,8105
7606,8106
7607,8107
7608,8108
7609,8109
7610,8110
7611,8111
7612,8112
7613,8113
7614,8114
7615,8115
7616,8116
7617,8117
7618,8118
7619,8119
7620,8120
7621,8121
7622,8122
7623,8123
7624,8124
7625,8125
7626,8126
7627,8127
7628,8128
7629,8129
7630,8130
7631,8131
7632,8132
7633,8133
7634,8134
7635,8135
7636,8136
7637,8137
7638,8138
7639,8139
7640,8140
7641,8141
7642,8142
7643,8143
7644,8144
7645,8145
7646,8146
7647,8147
7648,8148
7649,8149
7650,8150
7651,8151
7652,8152
7653,8153
7654,8154
7655,8155
7656,8156
7657,8157
7658,8158
7659,8159
7660,8160
7661,8161
7662,8162
7663,8163
7664,8164
7665,8165
7666,8166
7667,8167
7668,8168
7669,8169
7670,8170
7671,8171
7672,8172
7673,8173
7674,8174
7675,8175
7676,8176
7677,8177
7678,8178
7679,8179
7680,8180
7681,8181
7682,8182
7683,8183
7684,8184
7685,8185
7686,8186
7687,8187
7688,8188
7689,8189
7690,8190
7691,8191
7692,8192
7693,8193
7694,8194
7695,8195
7696,8196
7697,8197
7698,8198
7699,8199
7700,8200
7701,8201
7702,8202
7703,8203
7704,8204
7705,8205
7706,8206
7707,8207
7708,8208
7709,8209
7710,8210
7711,8211
7712,8212
7713,8213
7714,8214
7715,8215
7716,8216
7717,8217
7718,8218
7719,8219
7720,8220
7721,8221
7722,8222
7723,8223
7724,8224
7725,8225
7726,8226
7727,8227
7728,8228
7729,8229
7730,8230
7731,8231
7732,8232
7733,8233
7734,8234
7735,8235
7736,8236
7737,8237
7738,8238
7739,8239
7740,8240
7741,8241
7742,8242
7743,8243
7744,8244
7745,8245
7746,8246
7747,8247
7748,8248
7749,8249
7750,8250
7751,8251
7752,8252
7753,8253
7754,8254
7755,8255
7756,8256
7757,8257
7758,8258
7759,8259
7760,8260
7761,8261
7762,8262
7763,8263
7764,8264
7765,8265
7766,8266
7767,8267
7768,8268
7769,8269
7770,8270
7771,8271
7772,8272
7773,8273
7774,8274
7775,8275
7776,8276
7777,8277
7778,8278
7779,8279
7780,8280
7781,8281
7782,8282
7783,8283
7784,8284
7785,8285
7786,8286
7787,8287
7788,8288
7789,8289
7790,8290
7791,8291
7792,8292
7793,8293
7794,8294
7795,8295
7796,8296
7797,8297
7798,8298
7799,8299
7800,8300
7801,8301
7802,8302
7803,8303
7804,8304
7805,8305
7806,8306
7807,8307
7808,8308
7809,8309
7810,8310
7811,8311
7812,8312
7813,8313
7814,8314
7815,8315
7816,8316
7817,8317
7818,8318
7819,8319
7820,8320
7821,8321
7822,8322
7823,8323
7824,8324
7825,8325
7826,8326
7827,8327
7828,8328
7829,8329
7830,8330
7831,8331
7832,8332
7833,8333
7834,8334
7835,8335
7836,8336
7837,8337
7838,8338
7839,8339
7840,8340
7841,8341
7842,8342
7843,8343
7844,8344
7845,8345
7846,8346
7847,8347
7848,8348
7849,8349
7850,8350
7851,8351
7852,8352
7853,8353
7854,8354
7855,8355
7856,8356
7857,8357
7858,8358
7859,8359
7860,8360
7861,8361
7862,8362
7863,8363
7864,8364
7865,8365
7866,8366
7867,8367
7868,8368
7869,8369
7870,8370
7871,8371
7872,8372
7873,8373
7874,8374
7875,8375
7876,8376
7877,8377
7878,8378
7879,8379
7880,8380
7881,8381
7882,8382
7883,8383
7884,8384
7885,8385
7886,8386
7887,8387
7888,8388
7889,8389
7890,8390
7891,8391
7892,8392
7893,8393
7894,8394
7895,8395
7896,8396
7897,8397
7898,8398
7899,8399
7900,8400
7901,8401
7902,8402
7903,8403
7904,8404
7905,8405
7906,8406
7907,8407
7908,8408
7909,8409
7910,8410
7911,8411
7912,8412
7913,8413
7914,8414
7915,8415
7916,8416
7917,8417
7918,8418
7919,8419
7920,8420
7921,8421
7922,8422
7923,8423
7924,8424
7925,8425
7926,8426
7927,8427
7928,8428
7929,8429
7930,8430
7931,8431
7932,8432
7933,8433
7934,8434
7935,8435
7936,8436
7937,8437
7938,8438
7939,8439
7940,8440
7941,8441
7942,8442
7943,8443
7944,8444
7945,8445
7946,8446
7947,8447
7948,8448
7949,8449
7950,8450
7951,8451
7952,8452
7953,8453
7954,8454
7955,8455
7956,8456
7957,8457
7958,8458
7959,8459
7960,8460
7961,8461
7962,8462
7963,8463
7964,8464
7965,8465
7966,8466
7967,8467
7968,8468
7969,8469
7970,8470
7971,8471
7972,8472
7973,8473
7974,8474
7975,8475
7976,8476
7977,8477
7978,8478
7979,8479
7980,8480
7981,8481
7982,8482
7983,8483
7984,8484
7985,8485
7986,8486
7987,8487
7988,8488
7989,8489
7990,8490
7991,8491
7992,8492
7993,8493
7994,8494
7995,8495
7996,8496
7997,8497
7998,8498
7999,8499
8000,8500
8001,8501
8002,8502
8003,8503
8004,8504
8005,8505
8006,8506
8007,8507
8008,8508
8009,8509
8010,8510
8011,8511
8012,8512
8013,8513
8014,8514
8015,8515
8016,8516
8017,8517
8018,8518
8019,8519
8020,8520
8021,8521
8022,8522
8023,8523
8024,8524
8025,8525
8026,8526
8027,8527
8028,8528
8029,8529
8030,8530
8031,8531
8032,8532
8033,8533
8034,8534
8035,8535
8036,8536
8037,8537
8038,8538
8039,8539
8040,8540
8041,8541
8042,8542
8043,8543
8044,8544
8045,8545
8046,8546
8047,8547
8048,8548
8049,8549
8050,8550
8051,8551
8052,8552
8053,8553
8054,8554
8055,8555
8056,8556
8057,8557
8058,8558
8059,8559
8060,8560
8061,8561
8062,8562
8063,8563
8064,8564
8065,8565
8066,8566
8067,8567
8068,8568
8069,8569
8070,8570
8071,8571
8072,8572
8073,8573
8074,8574
8075,8575
8076,8576
8077,8577
8078,8578
8079,8579
8080,8580
8081,8581
8082,8582
8083,8583
8084,8584
8085,8585
8086,8586
8087,8587
8088,8588
8089,8589
8090,8590
8091,8591
8092,8592
8093,8593
8094,8594
8095,8595
8096,8596
8097,8597
8098,8598
8099,8599
8100,8600
8101,8601
8102,8602
8103,8603
8104,8604
8105,8605
8106,8606
8107,8607
8108,8608
8109,8609
8110,8610
8111,8611
8112,8612
8113,8613
8114,8614
8115,8615
8116,8616
8117,8617
8118,8618
8119,8619
8120,8620
8121,8621
8122,8622
8123,8623
8124,8624
8125,8625
8126,8626
8127,8627
8128,8628
8129,8629
8130,8630
8131,8631
8132,8632
8133,8633
8134,8634
8135,8635
8136,8636
8137,8637
8138,8638
8139,8639
8140,8640
8141,8641
8142,8642
8143,8643
8144,8644
8145,8645
8146,8646
8147,8647
8148,8648
8149,8649
8150,8650
8151,8651
8152,8652
8153,8653
8154,8654
8155,8655
8156,8656
8157,8657
8158,8658
8159,8659
8160,8660
8161,8661
8162,8662
8163,8663
8164,8664
8165,8665
8166,8666
8167,8667
8168,8668
8169,8669
8170,8670
8171,8671
